"","DEG","up.results_OO_RO_padj.1","down.results_OO_RO_padj.1"
"1","Down",NA,"Siderastrea_Mexico_Barshis-Radice_Host_contig00136"
"2","Down",NA,"Siderastrea_Mexico_Barshis-Radice_Host_contig00139"
"3","Down",NA,"Siderastrea_Mexico_Barshis-Radice_Host_contig00184"
"4","Down",NA,"Siderastrea_Mexico_Barshis-Radice_Host_contig00225"
"5","Down",NA,"Siderastrea_Mexico_Barshis-Radice_Host_contig00234"
"6","Down",NA,"Siderastrea_Mexico_Barshis-Radice_Host_contig00249"
"7","Down",NA,"Siderastrea_Mexico_Barshis-Radice_Host_contig00274"
"8","Down",NA,"Siderastrea_Mexico_Barshis-Radice_Host_contig00284"
"9","Down",NA,"Siderastrea_Mexico_Barshis-Radice_Host_contig00289"
"10","Down",NA,"Siderastrea_Mexico_Barshis-Radice_Host_contig00294"
"11","Down",NA,"Siderastrea_Mexico_Barshis-Radice_Host_contig00328"
"12","Down",NA,"Siderastrea_Mexico_Barshis-Radice_Host_contig00410"
"13","Down",NA,"Siderastrea_Mexico_Barshis-Radice_Host_contig00438"
"14","Down",NA,"Siderastrea_Mexico_Barshis-Radice_Host_contig00457"
"15","Down",NA,"Siderastrea_Mexico_Barshis-Radice_Host_contig00489"
"16","Down",NA,"Siderastrea_Mexico_Barshis-Radice_Host_contig00604"
"17","Down",NA,"Siderastrea_Mexico_Barshis-Radice_Host_contig00627"
"18","Down",NA,"Siderastrea_Mexico_Barshis-Radice_Host_contig00639"
"19","Down",NA,"Siderastrea_Mexico_Barshis-Radice_Host_contig00810"
"20","Down",NA,"Siderastrea_Mexico_Barshis-Radice_Host_contig00811"
"21","Down",NA,"Siderastrea_Mexico_Barshis-Radice_Host_contig00887"
"22","Down",NA,"Siderastrea_Mexico_Barshis-Radice_Host_contig00964"
"23","Down",NA,"Siderastrea_Mexico_Barshis-Radice_Host_contig00980"
"24","Down",NA,"Siderastrea_Mexico_Barshis-Radice_Host_contig01057"
"25","Down",NA,"Siderastrea_Mexico_Barshis-Radice_Host_contig01072"
"26","Down",NA,"Siderastrea_Mexico_Barshis-Radice_Host_contig01097"
"27","Down",NA,"Siderastrea_Mexico_Barshis-Radice_Host_contig01117"
"28","Down",NA,"Siderastrea_Mexico_Barshis-Radice_Host_contig01137"
"29","Down",NA,"Siderastrea_Mexico_Barshis-Radice_Host_contig01144"
"30","Down",NA,"Siderastrea_Mexico_Barshis-Radice_Host_contig01198"
"31","Down",NA,"Siderastrea_Mexico_Barshis-Radice_Host_contig01309"
"32","Down",NA,"Siderastrea_Mexico_Barshis-Radice_Host_contig01333"
"33","Down",NA,"Siderastrea_Mexico_Barshis-Radice_Host_contig01351"
"34","Down",NA,"Siderastrea_Mexico_Barshis-Radice_Host_contig01359"
"35","Down",NA,"Siderastrea_Mexico_Barshis-Radice_Host_contig01406"
"36","Down",NA,"Siderastrea_Mexico_Barshis-Radice_Host_contig01477"
"37","Down",NA,"Siderastrea_Mexico_Barshis-Radice_Host_contig01546"
"38","Down",NA,"Siderastrea_Mexico_Barshis-Radice_Host_contig01600"
"39","Down",NA,"Siderastrea_Mexico_Barshis-Radice_Host_contig01647"
"40","Down",NA,"Siderastrea_Mexico_Barshis-Radice_Host_contig01673"
"41","Down",NA,"Siderastrea_Mexico_Barshis-Radice_Host_contig01686"
"42","Down",NA,"Siderastrea_Mexico_Barshis-Radice_Host_contig01705"
"43","Down",NA,"Siderastrea_Mexico_Barshis-Radice_Host_contig01741"
"44","Down",NA,"Siderastrea_Mexico_Barshis-Radice_Host_contig01743"
"45","Down",NA,"Siderastrea_Mexico_Barshis-Radice_Host_contig01800"
"46","Down",NA,"Siderastrea_Mexico_Barshis-Radice_Host_contig01857"
"47","Down",NA,"Siderastrea_Mexico_Barshis-Radice_Host_contig01896"
"48","Down",NA,"Siderastrea_Mexico_Barshis-Radice_Host_contig01979"
"49","Down",NA,"Siderastrea_Mexico_Barshis-Radice_Host_contig01982"
"50","Down",NA,"Siderastrea_Mexico_Barshis-Radice_Host_contig01983"
"51","Down",NA,"Siderastrea_Mexico_Barshis-Radice_Host_contig01992"
"52","Down",NA,"Siderastrea_Mexico_Barshis-Radice_Host_contig02013"
"53","Down",NA,"Siderastrea_Mexico_Barshis-Radice_Host_contig02069"
"54","Down",NA,"Siderastrea_Mexico_Barshis-Radice_Host_contig02073"
"55","Down",NA,"Siderastrea_Mexico_Barshis-Radice_Host_contig02116"
"56","Down",NA,"Siderastrea_Mexico_Barshis-Radice_Host_contig02153"
"57","Down",NA,"Siderastrea_Mexico_Barshis-Radice_Host_contig02175"
"58","Down",NA,"Siderastrea_Mexico_Barshis-Radice_Host_contig02206"
"59","Down",NA,"Siderastrea_Mexico_Barshis-Radice_Host_contig02243"
"60","Down",NA,"Siderastrea_Mexico_Barshis-Radice_Host_contig02298"
"61","Down",NA,"Siderastrea_Mexico_Barshis-Radice_Host_contig02450"
"62","Down",NA,"Siderastrea_Mexico_Barshis-Radice_Host_contig02455"
"63","Down",NA,"Siderastrea_Mexico_Barshis-Radice_Host_contig02466"
"64","Down",NA,"Siderastrea_Mexico_Barshis-Radice_Host_contig02485"
"65","Down",NA,"Siderastrea_Mexico_Barshis-Radice_Host_contig02502"
"66","Down",NA,"Siderastrea_Mexico_Barshis-Radice_Host_contig02518"
"67","Down",NA,"Siderastrea_Mexico_Barshis-Radice_Host_contig02643"
"68","Down",NA,"Siderastrea_Mexico_Barshis-Radice_Host_contig02646"
"69","Down",NA,"Siderastrea_Mexico_Barshis-Radice_Host_contig02661"
"70","Down",NA,"Siderastrea_Mexico_Barshis-Radice_Host_contig02667"
"71","Down",NA,"Siderastrea_Mexico_Barshis-Radice_Host_contig02740"
"72","Down",NA,"Siderastrea_Mexico_Barshis-Radice_Host_contig02806"
"73","Down",NA,"Siderastrea_Mexico_Barshis-Radice_Host_contig02827"
"74","Down",NA,"Siderastrea_Mexico_Barshis-Radice_Host_contig02835"
"75","Down",NA,"Siderastrea_Mexico_Barshis-Radice_Host_contig02878"
"76","Down",NA,"Siderastrea_Mexico_Barshis-Radice_Host_contig02903"
"77","Down",NA,"Siderastrea_Mexico_Barshis-Radice_Host_contig02925"
"78","Down",NA,"Siderastrea_Mexico_Barshis-Radice_Host_contig02957"
"79","Down",NA,"Siderastrea_Mexico_Barshis-Radice_Host_contig03088"
"80","Down",NA,"Siderastrea_Mexico_Barshis-Radice_Host_contig03098"
"81","Down",NA,"Siderastrea_Mexico_Barshis-Radice_Host_contig03106"
"82","Down",NA,"Siderastrea_Mexico_Barshis-Radice_Host_contig03122"
"83","Down",NA,"Siderastrea_Mexico_Barshis-Radice_Host_contig03123"
"84","Down",NA,"Siderastrea_Mexico_Barshis-Radice_Host_contig03132"
"85","Down",NA,"Siderastrea_Mexico_Barshis-Radice_Host_contig03146"
"86","Down",NA,"Siderastrea_Mexico_Barshis-Radice_Host_contig03148"
"87","Down",NA,"Siderastrea_Mexico_Barshis-Radice_Host_contig03157"
"88","Down",NA,"Siderastrea_Mexico_Barshis-Radice_Host_contig03177"
"89","Down",NA,"Siderastrea_Mexico_Barshis-Radice_Host_contig03180"
"90","Down",NA,"Siderastrea_Mexico_Barshis-Radice_Host_contig03190"
"91","Down",NA,"Siderastrea_Mexico_Barshis-Radice_Host_contig03198"
"92","Down",NA,"Siderastrea_Mexico_Barshis-Radice_Host_contig03263"
"93","Down",NA,"Siderastrea_Mexico_Barshis-Radice_Host_contig03330"
"94","Down",NA,"Siderastrea_Mexico_Barshis-Radice_Host_contig03332"
"95","Down",NA,"Siderastrea_Mexico_Barshis-Radice_Host_contig03371"
"96","Down",NA,"Siderastrea_Mexico_Barshis-Radice_Host_contig03414"
"97","Down",NA,"Siderastrea_Mexico_Barshis-Radice_Host_contig03415"
"98","Down",NA,"Siderastrea_Mexico_Barshis-Radice_Host_contig03459"
"99","Down",NA,"Siderastrea_Mexico_Barshis-Radice_Host_contig03461"
"100","Down",NA,"Siderastrea_Mexico_Barshis-Radice_Host_contig03519"
"101","Down",NA,"Siderastrea_Mexico_Barshis-Radice_Host_contig03559"
"102","Down",NA,"Siderastrea_Mexico_Barshis-Radice_Host_contig03577"
"103","Down",NA,"Siderastrea_Mexico_Barshis-Radice_Host_contig03582"
"104","Down",NA,"Siderastrea_Mexico_Barshis-Radice_Host_contig03590"
"105","Down",NA,"Siderastrea_Mexico_Barshis-Radice_Host_contig03604"
"106","Down",NA,"Siderastrea_Mexico_Barshis-Radice_Host_contig03620"
"107","Down",NA,"Siderastrea_Mexico_Barshis-Radice_Host_contig03655"
"108","Down",NA,"Siderastrea_Mexico_Barshis-Radice_Host_contig03677"
"109","Down",NA,"Siderastrea_Mexico_Barshis-Radice_Host_contig03721"
"110","Down",NA,"Siderastrea_Mexico_Barshis-Radice_Host_contig03754"
"111","Down",NA,"Siderastrea_Mexico_Barshis-Radice_Host_contig03765"
"112","Down",NA,"Siderastrea_Mexico_Barshis-Radice_Host_contig03786"
"113","Down",NA,"Siderastrea_Mexico_Barshis-Radice_Host_contig03794"
"114","Down",NA,"Siderastrea_Mexico_Barshis-Radice_Host_contig03825"
"115","Down",NA,"Siderastrea_Mexico_Barshis-Radice_Host_contig03929"
"116","Down",NA,"Siderastrea_Mexico_Barshis-Radice_Host_contig03976"
"117","Down",NA,"Siderastrea_Mexico_Barshis-Radice_Host_contig04083"
"118","Down",NA,"Siderastrea_Mexico_Barshis-Radice_Host_contig04134"
"119","Down",NA,"Siderastrea_Mexico_Barshis-Radice_Host_contig04138"
"120","Down",NA,"Siderastrea_Mexico_Barshis-Radice_Host_contig04159"
"121","Down",NA,"Siderastrea_Mexico_Barshis-Radice_Host_contig04192"
"122","Down",NA,"Siderastrea_Mexico_Barshis-Radice_Host_contig04263"
"123","Down",NA,"Siderastrea_Mexico_Barshis-Radice_Host_contig04267"
"124","Down",NA,"Siderastrea_Mexico_Barshis-Radice_Host_contig04290"
"125","Down",NA,"Siderastrea_Mexico_Barshis-Radice_Host_contig04300"
"126","Down",NA,"Siderastrea_Mexico_Barshis-Radice_Host_contig04312"
"127","Down",NA,"Siderastrea_Mexico_Barshis-Radice_Host_contig04406"
"128","Down",NA,"Siderastrea_Mexico_Barshis-Radice_Host_contig04426"
"129","Down",NA,"Siderastrea_Mexico_Barshis-Radice_Host_contig04428"
"130","Down",NA,"Siderastrea_Mexico_Barshis-Radice_Host_contig04470"
"131","Down",NA,"Siderastrea_Mexico_Barshis-Radice_Host_contig04502"
"132","Down",NA,"Siderastrea_Mexico_Barshis-Radice_Host_contig04507"
"133","Down",NA,"Siderastrea_Mexico_Barshis-Radice_Host_contig04563"
"134","Down",NA,"Siderastrea_Mexico_Barshis-Radice_Host_contig04569"
"135","Down",NA,"Siderastrea_Mexico_Barshis-Radice_Host_contig04660"
"136","Down",NA,"Siderastrea_Mexico_Barshis-Radice_Host_contig04742"
"137","Down",NA,"Siderastrea_Mexico_Barshis-Radice_Host_contig04763"
"138","Down",NA,"Siderastrea_Mexico_Barshis-Radice_Host_contig04769"
"139","Down",NA,"Siderastrea_Mexico_Barshis-Radice_Host_contig04887"
"140","Down",NA,"Siderastrea_Mexico_Barshis-Radice_Host_contig04924"
"141","Down",NA,"Siderastrea_Mexico_Barshis-Radice_Host_contig04960"
"142","Down",NA,"Siderastrea_Mexico_Barshis-Radice_Host_contig04984"
"143","Down",NA,"Siderastrea_Mexico_Barshis-Radice_Host_contig05049"
"144","Down",NA,"Siderastrea_Mexico_Barshis-Radice_Host_contig05052"
"145","Down",NA,"Siderastrea_Mexico_Barshis-Radice_Host_contig05053"
"146","Down",NA,"Siderastrea_Mexico_Barshis-Radice_Host_contig05066"
"147","Down",NA,"Siderastrea_Mexico_Barshis-Radice_Host_contig05074"
"148","Down",NA,"Siderastrea_Mexico_Barshis-Radice_Host_contig05092"
"149","Down",NA,"Siderastrea_Mexico_Barshis-Radice_Host_contig05131"
"150","Down",NA,"Siderastrea_Mexico_Barshis-Radice_Host_contig05164"
"151","Down",NA,"Siderastrea_Mexico_Barshis-Radice_Host_contig05172"
"152","Down",NA,"Siderastrea_Mexico_Barshis-Radice_Host_contig05182"
"153","Down",NA,"Siderastrea_Mexico_Barshis-Radice_Host_contig05194"
"154","Down",NA,"Siderastrea_Mexico_Barshis-Radice_Host_contig05208"
"155","Down",NA,"Siderastrea_Mexico_Barshis-Radice_Host_contig05245"
"156","Down",NA,"Siderastrea_Mexico_Barshis-Radice_Host_contig05297"
"157","Down",NA,"Siderastrea_Mexico_Barshis-Radice_Host_contig05340"
"158","Down",NA,"Siderastrea_Mexico_Barshis-Radice_Host_contig05371"
"159","Down",NA,"Siderastrea_Mexico_Barshis-Radice_Host_contig05413"
"160","Down",NA,"Siderastrea_Mexico_Barshis-Radice_Host_contig05505"
"161","Down",NA,"Siderastrea_Mexico_Barshis-Radice_Host_contig05516"
"162","Down",NA,"Siderastrea_Mexico_Barshis-Radice_Host_contig05526"
"163","Down",NA,"Siderastrea_Mexico_Barshis-Radice_Host_contig05532"
"164","Down",NA,"Siderastrea_Mexico_Barshis-Radice_Host_contig05587"
"165","Down",NA,"Siderastrea_Mexico_Barshis-Radice_Host_contig05740"
"166","Down",NA,"Siderastrea_Mexico_Barshis-Radice_Host_contig05813"
"167","Down",NA,"Siderastrea_Mexico_Barshis-Radice_Host_contig05906"
"168","Down",NA,"Siderastrea_Mexico_Barshis-Radice_Host_contig05929"
"169","Down",NA,"Siderastrea_Mexico_Barshis-Radice_Host_contig05945"
"170","Down",NA,"Siderastrea_Mexico_Barshis-Radice_Host_contig05954"
"171","Down",NA,"Siderastrea_Mexico_Barshis-Radice_Host_contig05957"
"172","Down",NA,"Siderastrea_Mexico_Barshis-Radice_Host_contig05968"
"173","Down",NA,"Siderastrea_Mexico_Barshis-Radice_Host_contig06032"
"174","Down",NA,"Siderastrea_Mexico_Barshis-Radice_Host_contig06068"
"175","Down",NA,"Siderastrea_Mexico_Barshis-Radice_Host_contig06098"
"176","Down",NA,"Siderastrea_Mexico_Barshis-Radice_Host_contig06116"
"177","Down",NA,"Siderastrea_Mexico_Barshis-Radice_Host_contig06122"
"178","Down",NA,"Siderastrea_Mexico_Barshis-Radice_Host_contig06160"
"179","Down",NA,"Siderastrea_Mexico_Barshis-Radice_Host_contig06304"
"180","Down",NA,"Siderastrea_Mexico_Barshis-Radice_Host_contig06327"
"181","Down",NA,"Siderastrea_Mexico_Barshis-Radice_Host_contig06379"
"182","Down",NA,"Siderastrea_Mexico_Barshis-Radice_Host_contig06417"
"183","Down",NA,"Siderastrea_Mexico_Barshis-Radice_Host_contig06593"
"184","Down",NA,"Siderastrea_Mexico_Barshis-Radice_Host_contig06628"
"185","Down",NA,"Siderastrea_Mexico_Barshis-Radice_Host_contig06631"
"186","Down",NA,"Siderastrea_Mexico_Barshis-Radice_Host_contig06670"
"187","Down",NA,"Siderastrea_Mexico_Barshis-Radice_Host_contig06723"
"188","Down",NA,"Siderastrea_Mexico_Barshis-Radice_Host_contig06745"
"189","Down",NA,"Siderastrea_Mexico_Barshis-Radice_Host_contig06777"
"190","Down",NA,"Siderastrea_Mexico_Barshis-Radice_Host_contig06827"
"191","Down",NA,"Siderastrea_Mexico_Barshis-Radice_Host_contig07112"
"192","Down",NA,"Siderastrea_Mexico_Barshis-Radice_Host_contig07125"
"193","Down",NA,"Siderastrea_Mexico_Barshis-Radice_Host_contig07230"
"194","Down",NA,"Siderastrea_Mexico_Barshis-Radice_Host_contig07259"
"195","Down",NA,"Siderastrea_Mexico_Barshis-Radice_Host_contig07304"
"196","Down",NA,"Siderastrea_Mexico_Barshis-Radice_Host_contig07324"
"197","Down",NA,"Siderastrea_Mexico_Barshis-Radice_Host_contig07342"
"198","Down",NA,"Siderastrea_Mexico_Barshis-Radice_Host_contig07380"
"199","Down",NA,"Siderastrea_Mexico_Barshis-Radice_Host_contig07397"
"200","Down",NA,"Siderastrea_Mexico_Barshis-Radice_Host_contig07531"
"201","Down",NA,"Siderastrea_Mexico_Barshis-Radice_Host_contig07537"
"202","Down",NA,"Siderastrea_Mexico_Barshis-Radice_Host_contig07590"
"203","Down",NA,"Siderastrea_Mexico_Barshis-Radice_Host_contig07613"
"204","Down",NA,"Siderastrea_Mexico_Barshis-Radice_Host_contig07614"
"205","Down",NA,"Siderastrea_Mexico_Barshis-Radice_Host_contig07623"
"206","Down",NA,"Siderastrea_Mexico_Barshis-Radice_Host_contig07624"
"207","Down",NA,"Siderastrea_Mexico_Barshis-Radice_Host_contig07630"
"208","Down",NA,"Siderastrea_Mexico_Barshis-Radice_Host_contig07975"
"209","Down",NA,"Siderastrea_Mexico_Barshis-Radice_Host_contig07986"
"210","Down",NA,"Siderastrea_Mexico_Barshis-Radice_Host_contig07994"
"211","Down",NA,"Siderastrea_Mexico_Barshis-Radice_Host_contig08002"
"212","Down",NA,"Siderastrea_Mexico_Barshis-Radice_Host_contig08036"
"213","Down",NA,"Siderastrea_Mexico_Barshis-Radice_Host_contig08074"
"214","Down",NA,"Siderastrea_Mexico_Barshis-Radice_Host_contig08082"
"215","Down",NA,"Siderastrea_Mexico_Barshis-Radice_Host_contig08102"
"216","Down",NA,"Siderastrea_Mexico_Barshis-Radice_Host_contig08124"
"217","Down",NA,"Siderastrea_Mexico_Barshis-Radice_Host_contig08163"
"218","Down",NA,"Siderastrea_Mexico_Barshis-Radice_Host_contig08197"
"219","Down",NA,"Siderastrea_Mexico_Barshis-Radice_Host_contig08247"
"220","Down",NA,"Siderastrea_Mexico_Barshis-Radice_Host_contig08272"
"221","Down",NA,"Siderastrea_Mexico_Barshis-Radice_Host_contig08372"
"222","Down",NA,"Siderastrea_Mexico_Barshis-Radice_Host_contig08396"
"223","Down",NA,"Siderastrea_Mexico_Barshis-Radice_Host_contig08488"
"224","Down",NA,"Siderastrea_Mexico_Barshis-Radice_Host_contig08520"
"225","Down",NA,"Siderastrea_Mexico_Barshis-Radice_Host_contig08527"
"226","Down",NA,"Siderastrea_Mexico_Barshis-Radice_Host_contig08613"
"227","Down",NA,"Siderastrea_Mexico_Barshis-Radice_Host_contig08675"
"228","Down",NA,"Siderastrea_Mexico_Barshis-Radice_Host_contig08709"
"229","Down",NA,"Siderastrea_Mexico_Barshis-Radice_Host_contig08710"
"230","Down",NA,"Siderastrea_Mexico_Barshis-Radice_Host_contig08854"
"231","Down",NA,"Siderastrea_Mexico_Barshis-Radice_Host_contig08894"
"232","Down",NA,"Siderastrea_Mexico_Barshis-Radice_Host_contig08920"
"233","Down",NA,"Siderastrea_Mexico_Barshis-Radice_Host_contig08921"
"234","Down",NA,"Siderastrea_Mexico_Barshis-Radice_Host_contig08936"
"235","Down",NA,"Siderastrea_Mexico_Barshis-Radice_Host_contig08974"
"236","Down",NA,"Siderastrea_Mexico_Barshis-Radice_Host_contig08989"
"237","Down",NA,"Siderastrea_Mexico_Barshis-Radice_Host_contig09012"
"238","Down",NA,"Siderastrea_Mexico_Barshis-Radice_Host_contig09068"
"239","Down",NA,"Siderastrea_Mexico_Barshis-Radice_Host_contig09127"
"240","Down",NA,"Siderastrea_Mexico_Barshis-Radice_Host_contig09172"
"241","Down",NA,"Siderastrea_Mexico_Barshis-Radice_Host_contig09321"
"242","Down",NA,"Siderastrea_Mexico_Barshis-Radice_Host_contig09374"
"243","Down",NA,"Siderastrea_Mexico_Barshis-Radice_Host_contig09448"
"244","Down",NA,"Siderastrea_Mexico_Barshis-Radice_Host_contig09499"
"245","Down",NA,"Siderastrea_Mexico_Barshis-Radice_Host_contig09502"
"246","Down",NA,"Siderastrea_Mexico_Barshis-Radice_Host_contig09566"
"247","Down",NA,"Siderastrea_Mexico_Barshis-Radice_Host_contig09578"
"248","Down",NA,"Siderastrea_Mexico_Barshis-Radice_Host_contig09603"
"249","Down",NA,"Siderastrea_Mexico_Barshis-Radice_Host_contig09605"
"250","Down",NA,"Siderastrea_Mexico_Barshis-Radice_Host_contig09643"
"251","Down",NA,"Siderastrea_Mexico_Barshis-Radice_Host_contig09664"
"252","Down",NA,"Siderastrea_Mexico_Barshis-Radice_Host_contig09701"
"253","Down",NA,"Siderastrea_Mexico_Barshis-Radice_Host_contig09724"
"254","Down",NA,"Siderastrea_Mexico_Barshis-Radice_Host_contig09761"
"255","Down",NA,"Siderastrea_Mexico_Barshis-Radice_Host_contig09767"
"256","Down",NA,"Siderastrea_Mexico_Barshis-Radice_Host_contig09783"
"257","Down",NA,"Siderastrea_Mexico_Barshis-Radice_Host_contig09786"
"258","Down",NA,"Siderastrea_Mexico_Barshis-Radice_Host_contig09810"
"259","Down",NA,"Siderastrea_Mexico_Barshis-Radice_Host_contig09814"
"260","Down",NA,"Siderastrea_Mexico_Barshis-Radice_Host_contig09900"
"261","Down",NA,"Siderastrea_Mexico_Barshis-Radice_Host_contig10001"
"262","Down",NA,"Siderastrea_Mexico_Barshis-Radice_Host_contig10031"
"263","Down",NA,"Siderastrea_Mexico_Barshis-Radice_Host_contig10122"
"264","Down",NA,"Siderastrea_Mexico_Barshis-Radice_Host_contig10135"
"265","Down",NA,"Siderastrea_Mexico_Barshis-Radice_Host_contig10146"
"266","Down",NA,"Siderastrea_Mexico_Barshis-Radice_Host_contig10174"
"267","Down",NA,"Siderastrea_Mexico_Barshis-Radice_Host_contig10374"
"268","Down",NA,"Siderastrea_Mexico_Barshis-Radice_Host_contig10385"
"269","Down",NA,"Siderastrea_Mexico_Barshis-Radice_Host_contig10456"
"270","Down",NA,"Siderastrea_Mexico_Barshis-Radice_Host_contig10459"
"271","Down",NA,"Siderastrea_Mexico_Barshis-Radice_Host_contig10493"
"272","Down",NA,"Siderastrea_Mexico_Barshis-Radice_Host_contig10530"
"273","Down",NA,"Siderastrea_Mexico_Barshis-Radice_Host_contig10549"
"274","Down",NA,"Siderastrea_Mexico_Barshis-Radice_Host_contig10558"
"275","Down",NA,"Siderastrea_Mexico_Barshis-Radice_Host_contig10606"
"276","Down",NA,"Siderastrea_Mexico_Barshis-Radice_Host_contig10647"
"277","Down",NA,"Siderastrea_Mexico_Barshis-Radice_Host_contig10734"
"278","Down",NA,"Siderastrea_Mexico_Barshis-Radice_Host_contig10809"
"279","Down",NA,"Siderastrea_Mexico_Barshis-Radice_Host_contig10812"
"280","Down",NA,"Siderastrea_Mexico_Barshis-Radice_Host_contig10821"
"281","Down",NA,"Siderastrea_Mexico_Barshis-Radice_Host_contig10828"
"282","Down",NA,"Siderastrea_Mexico_Barshis-Radice_Host_contig10832"
"283","Down",NA,"Siderastrea_Mexico_Barshis-Radice_Host_contig10835"
"284","Down",NA,"Siderastrea_Mexico_Barshis-Radice_Host_contig10840"
"285","Down",NA,"Siderastrea_Mexico_Barshis-Radice_Host_contig10884"
"286","Down",NA,"Siderastrea_Mexico_Barshis-Radice_Host_contig10900"
"287","Down",NA,"Siderastrea_Mexico_Barshis-Radice_Host_contig10913"
"288","Down",NA,"Siderastrea_Mexico_Barshis-Radice_Host_contig10953"
"289","Down",NA,"Siderastrea_Mexico_Barshis-Radice_Host_contig11093"
"290","Down",NA,"Siderastrea_Mexico_Barshis-Radice_Host_contig11174"
"291","Down",NA,"Siderastrea_Mexico_Barshis-Radice_Host_contig11188"
"292","Down",NA,"Siderastrea_Mexico_Barshis-Radice_Host_contig11269"
"293","Down",NA,"Siderastrea_Mexico_Barshis-Radice_Host_contig11352"
"294","Down",NA,"Siderastrea_Mexico_Barshis-Radice_Host_contig11370"
"295","Down",NA,"Siderastrea_Mexico_Barshis-Radice_Host_contig11439"
"296","Down",NA,"Siderastrea_Mexico_Barshis-Radice_Host_contig11443"
"297","Down",NA,"Siderastrea_Mexico_Barshis-Radice_Host_contig11521"
"298","Down",NA,"Siderastrea_Mexico_Barshis-Radice_Host_contig11527"
"299","Down",NA,"Siderastrea_Mexico_Barshis-Radice_Host_contig11552"
"300","Down",NA,"Siderastrea_Mexico_Barshis-Radice_Host_contig11564"
"301","Down",NA,"Siderastrea_Mexico_Barshis-Radice_Host_contig11569"
"302","Down",NA,"Siderastrea_Mexico_Barshis-Radice_Host_contig11629"
"303","Down",NA,"Siderastrea_Mexico_Barshis-Radice_Host_contig11650"
"304","Down",NA,"Siderastrea_Mexico_Barshis-Radice_Host_contig11664"
"305","Down",NA,"Siderastrea_Mexico_Barshis-Radice_Host_contig11694"
"306","Down",NA,"Siderastrea_Mexico_Barshis-Radice_Host_contig11736"
"307","Down",NA,"Siderastrea_Mexico_Barshis-Radice_Host_contig11748"
"308","Down",NA,"Siderastrea_Mexico_Barshis-Radice_Host_contig11752"
"309","Down",NA,"Siderastrea_Mexico_Barshis-Radice_Host_contig11791"
"310","Down",NA,"Siderastrea_Mexico_Barshis-Radice_Host_contig11831"
"311","Down",NA,"Siderastrea_Mexico_Barshis-Radice_Host_contig11838"
"312","Down",NA,"Siderastrea_Mexico_Barshis-Radice_Host_contig11863"
"313","Down",NA,"Siderastrea_Mexico_Barshis-Radice_Host_contig11948"
"314","Down",NA,"Siderastrea_Mexico_Barshis-Radice_Host_contig11951"
"315","Down",NA,"Siderastrea_Mexico_Barshis-Radice_Host_contig11997"
"316","Down",NA,"Siderastrea_Mexico_Barshis-Radice_Host_contig12073"
"317","Down",NA,"Siderastrea_Mexico_Barshis-Radice_Host_contig12087"
"318","Down",NA,"Siderastrea_Mexico_Barshis-Radice_Host_contig12103"
"319","Down",NA,"Siderastrea_Mexico_Barshis-Radice_Host_contig12108"
"320","Down",NA,"Siderastrea_Mexico_Barshis-Radice_Host_contig12221"
"321","Down",NA,"Siderastrea_Mexico_Barshis-Radice_Host_contig12246"
"322","Down",NA,"Siderastrea_Mexico_Barshis-Radice_Host_contig12283"
"323","Down",NA,"Siderastrea_Mexico_Barshis-Radice_Host_contig12293"
"324","Down",NA,"Siderastrea_Mexico_Barshis-Radice_Host_contig12298"
"325","Down",NA,"Siderastrea_Mexico_Barshis-Radice_Host_contig12368"
"326","Down",NA,"Siderastrea_Mexico_Barshis-Radice_Host_contig12369"
"327","Down",NA,"Siderastrea_Mexico_Barshis-Radice_Host_contig12378"
"328","Down",NA,"Siderastrea_Mexico_Barshis-Radice_Host_contig12393"
"329","Down",NA,"Siderastrea_Mexico_Barshis-Radice_Host_contig12428"
"330","Down",NA,"Siderastrea_Mexico_Barshis-Radice_Host_contig12434"
"331","Down",NA,"Siderastrea_Mexico_Barshis-Radice_Host_contig12453"
"332","Down",NA,"Siderastrea_Mexico_Barshis-Radice_Host_contig12485"
"333","Down",NA,"Siderastrea_Mexico_Barshis-Radice_Host_contig12536"
"334","Down",NA,"Siderastrea_Mexico_Barshis-Radice_Host_contig12576"
"335","Down",NA,"Siderastrea_Mexico_Barshis-Radice_Host_contig12578"
"336","Down",NA,"Siderastrea_Mexico_Barshis-Radice_Host_contig12581"
"337","Down",NA,"Siderastrea_Mexico_Barshis-Radice_Host_contig12589"
"338","Down",NA,"Siderastrea_Mexico_Barshis-Radice_Host_contig12590"
"339","Down",NA,"Siderastrea_Mexico_Barshis-Radice_Host_contig12704"
"340","Down",NA,"Siderastrea_Mexico_Barshis-Radice_Host_contig12743"
"341","Down",NA,"Siderastrea_Mexico_Barshis-Radice_Host_contig12778"
"342","Down",NA,"Siderastrea_Mexico_Barshis-Radice_Host_contig12794"
"343","Down",NA,"Siderastrea_Mexico_Barshis-Radice_Host_contig12805"
"344","Down",NA,"Siderastrea_Mexico_Barshis-Radice_Host_contig12809"
"345","Down",NA,"Siderastrea_Mexico_Barshis-Radice_Host_contig12897"
"346","Down",NA,"Siderastrea_Mexico_Barshis-Radice_Host_contig12926"
"347","Down",NA,"Siderastrea_Mexico_Barshis-Radice_Host_contig13006"
"348","Down",NA,"Siderastrea_Mexico_Barshis-Radice_Host_contig13041"
"349","Down",NA,"Siderastrea_Mexico_Barshis-Radice_Host_contig13042"
"350","Down",NA,"Siderastrea_Mexico_Barshis-Radice_Host_contig13062"
"351","Down",NA,"Siderastrea_Mexico_Barshis-Radice_Host_contig13142"
"352","Down",NA,"Siderastrea_Mexico_Barshis-Radice_Host_contig13202"
"353","Down",NA,"Siderastrea_Mexico_Barshis-Radice_Host_contig13242"
"354","Down",NA,"Siderastrea_Mexico_Barshis-Radice_Host_contig13269"
"355","Down",NA,"Siderastrea_Mexico_Barshis-Radice_Host_contig13270"
"356","Down",NA,"Siderastrea_Mexico_Barshis-Radice_Host_contig13276"
"357","Down",NA,"Siderastrea_Mexico_Barshis-Radice_Host_contig13299"
"358","Down",NA,"Siderastrea_Mexico_Barshis-Radice_Host_contig13325"
"359","Down",NA,"Siderastrea_Mexico_Barshis-Radice_Host_contig13383"
"360","Down",NA,"Siderastrea_Mexico_Barshis-Radice_Host_contig13471"
"361","Down",NA,"Siderastrea_Mexico_Barshis-Radice_Host_contig13501"
"362","Down",NA,"Siderastrea_Mexico_Barshis-Radice_Host_contig13511"
"363","Down",NA,"Siderastrea_Mexico_Barshis-Radice_Host_contig13568"
"364","Down",NA,"Siderastrea_Mexico_Barshis-Radice_Host_contig13582"
"365","Down",NA,"Siderastrea_Mexico_Barshis-Radice_Host_contig13660"
"366","Down",NA,"Siderastrea_Mexico_Barshis-Radice_Host_contig13752"
"367","Down",NA,"Siderastrea_Mexico_Barshis-Radice_Host_contig13784"
"368","Down",NA,"Siderastrea_Mexico_Barshis-Radice_Host_contig13866"
"369","Down",NA,"Siderastrea_Mexico_Barshis-Radice_Host_contig13946"
"370","Down",NA,"Siderastrea_Mexico_Barshis-Radice_Host_contig13984"
"371","Down",NA,"Siderastrea_Mexico_Barshis-Radice_Host_contig14109"
"372","Down",NA,"Siderastrea_Mexico_Barshis-Radice_Host_contig14130"
"373","Down",NA,"Siderastrea_Mexico_Barshis-Radice_Host_contig14134"
"374","Down",NA,"Siderastrea_Mexico_Barshis-Radice_Host_contig14215"
"375","Down",NA,"Siderastrea_Mexico_Barshis-Radice_Host_contig14287"
"376","Down",NA,"Siderastrea_Mexico_Barshis-Radice_Host_contig14303"
"377","Down",NA,"Siderastrea_Mexico_Barshis-Radice_Host_contig14315"
"378","Down",NA,"Siderastrea_Mexico_Barshis-Radice_Host_contig14318"
"379","Down",NA,"Siderastrea_Mexico_Barshis-Radice_Host_contig14359"
"380","Down",NA,"Siderastrea_Mexico_Barshis-Radice_Host_contig14378"
"381","Down",NA,"Siderastrea_Mexico_Barshis-Radice_Host_contig14383"
"382","Down",NA,"Siderastrea_Mexico_Barshis-Radice_Host_contig14522"
"383","Down",NA,"Siderastrea_Mexico_Barshis-Radice_Host_contig14545"
"384","Down",NA,"Siderastrea_Mexico_Barshis-Radice_Host_contig14546"
"385","Down",NA,"Siderastrea_Mexico_Barshis-Radice_Host_contig14557"
"386","Down",NA,"Siderastrea_Mexico_Barshis-Radice_Host_contig14566"
"387","Down",NA,"Siderastrea_Mexico_Barshis-Radice_Host_contig14625"
"388","Down",NA,"Siderastrea_Mexico_Barshis-Radice_Host_contig14671"
"389","Down",NA,"Siderastrea_Mexico_Barshis-Radice_Host_contig14693"
"390","Down",NA,"Siderastrea_Mexico_Barshis-Radice_Host_contig14705"
"391","Down",NA,"Siderastrea_Mexico_Barshis-Radice_Host_contig14709"
"392","Down",NA,"Siderastrea_Mexico_Barshis-Radice_Host_contig14719"
"393","Down",NA,"Siderastrea_Mexico_Barshis-Radice_Host_contig14725"
"394","Down",NA,"Siderastrea_Mexico_Barshis-Radice_Host_contig14756"
"395","Down",NA,"Siderastrea_Mexico_Barshis-Radice_Host_contig14758"
"396","Down",NA,"Siderastrea_Mexico_Barshis-Radice_Host_contig14831"
"397","Down",NA,"Siderastrea_Mexico_Barshis-Radice_Host_contig14918"
"398","Down",NA,"Siderastrea_Mexico_Barshis-Radice_Host_contig14954"
"399","Down",NA,"Siderastrea_Mexico_Barshis-Radice_Host_contig14967"
"400","Down",NA,"Siderastrea_Mexico_Barshis-Radice_Host_contig14978"
"401","Down",NA,"Siderastrea_Mexico_Barshis-Radice_Host_contig15001"
"402","Down",NA,"Siderastrea_Mexico_Barshis-Radice_Host_contig15005"
"403","Down",NA,"Siderastrea_Mexico_Barshis-Radice_Host_contig15038"
"404","Down",NA,"Siderastrea_Mexico_Barshis-Radice_Host_contig15049"
"405","Down",NA,"Siderastrea_Mexico_Barshis-Radice_Host_contig15283"
"406","Down",NA,"Siderastrea_Mexico_Barshis-Radice_Host_contig15284"
"407","Down",NA,"Siderastrea_Mexico_Barshis-Radice_Host_contig15312"
"408","Down",NA,"Siderastrea_Mexico_Barshis-Radice_Host_contig15330"
"409","Down",NA,"Siderastrea_Mexico_Barshis-Radice_Host_contig15429"
"410","Down",NA,"Siderastrea_Mexico_Barshis-Radice_Host_contig15430"
"411","Down",NA,"Siderastrea_Mexico_Barshis-Radice_Host_contig15511"
"412","Down",NA,"Siderastrea_Mexico_Barshis-Radice_Host_contig15543"
"413","Down",NA,"Siderastrea_Mexico_Barshis-Radice_Host_contig15552"
"414","Down",NA,"Siderastrea_Mexico_Barshis-Radice_Host_contig15589"
"415","Down",NA,"Siderastrea_Mexico_Barshis-Radice_Host_contig15612"
"416","Down",NA,"Siderastrea_Mexico_Barshis-Radice_Host_contig15614"
"417","Down",NA,"Siderastrea_Mexico_Barshis-Radice_Host_contig15623"
"418","Down",NA,"Siderastrea_Mexico_Barshis-Radice_Host_contig15629"
"419","Down",NA,"Siderastrea_Mexico_Barshis-Radice_Host_contig15658"
"420","Down",NA,"Siderastrea_Mexico_Barshis-Radice_Host_contig15677"
"421","Down",NA,"Siderastrea_Mexico_Barshis-Radice_Host_contig15718"
"422","Down",NA,"Siderastrea_Mexico_Barshis-Radice_Host_contig15752"
"423","Down",NA,"Siderastrea_Mexico_Barshis-Radice_Host_contig15770"
"424","Down",NA,"Siderastrea_Mexico_Barshis-Radice_Host_contig15771"
"425","Down",NA,"Siderastrea_Mexico_Barshis-Radice_Host_contig15794"
"426","Down",NA,"Siderastrea_Mexico_Barshis-Radice_Host_contig15882"
"427","Down",NA,"Siderastrea_Mexico_Barshis-Radice_Host_contig15944"
"428","Down",NA,"Siderastrea_Mexico_Barshis-Radice_Host_contig15949"
"429","Down",NA,"Siderastrea_Mexico_Barshis-Radice_Host_contig15951"
"430","Down",NA,"Siderastrea_Mexico_Barshis-Radice_Host_contig15961"
"431","Down",NA,"Siderastrea_Mexico_Barshis-Radice_Host_contig16018"
"432","Down",NA,"Siderastrea_Mexico_Barshis-Radice_Host_contig16036"
"433","Down",NA,"Siderastrea_Mexico_Barshis-Radice_Host_contig16056"
"434","Down",NA,"Siderastrea_Mexico_Barshis-Radice_Host_contig16058"
"435","Down",NA,"Siderastrea_Mexico_Barshis-Radice_Host_contig16130"
"436","Down",NA,"Siderastrea_Mexico_Barshis-Radice_Host_contig16141"
"437","Down",NA,"Siderastrea_Mexico_Barshis-Radice_Host_contig16155"
"438","Down",NA,"Siderastrea_Mexico_Barshis-Radice_Host_contig16185"
"439","Down",NA,"Siderastrea_Mexico_Barshis-Radice_Host_contig16200"
"440","Down",NA,"Siderastrea_Mexico_Barshis-Radice_Host_contig16209"
"441","Down",NA,"Siderastrea_Mexico_Barshis-Radice_Host_contig16215"
"442","Down",NA,"Siderastrea_Mexico_Barshis-Radice_Host_contig16239"
"443","Down",NA,"Siderastrea_Mexico_Barshis-Radice_Host_contig16249"
"444","Down",NA,"Siderastrea_Mexico_Barshis-Radice_Host_contig16332"
"445","Down",NA,"Siderastrea_Mexico_Barshis-Radice_Host_contig16389"
"446","Down",NA,"Siderastrea_Mexico_Barshis-Radice_Host_contig16398"
"447","Down",NA,"Siderastrea_Mexico_Barshis-Radice_Host_contig16420"
"448","Down",NA,"Siderastrea_Mexico_Barshis-Radice_Host_contig16473"
"449","Down",NA,"Siderastrea_Mexico_Barshis-Radice_Host_contig16527"
"450","Down",NA,"Siderastrea_Mexico_Barshis-Radice_Host_contig16563"
"451","Down",NA,"Siderastrea_Mexico_Barshis-Radice_Host_contig16570"
"452","Down",NA,"Siderastrea_Mexico_Barshis-Radice_Host_contig16624"
"453","Down",NA,"Siderastrea_Mexico_Barshis-Radice_Host_contig16710"
"454","Down",NA,"Siderastrea_Mexico_Barshis-Radice_Host_contig16752"
"455","Down",NA,"Siderastrea_Mexico_Barshis-Radice_Host_contig16758"
"456","Down",NA,"Siderastrea_Mexico_Barshis-Radice_Host_contig16766"
"457","Down",NA,"Siderastrea_Mexico_Barshis-Radice_Host_contig16793"
"458","Down",NA,"Siderastrea_Mexico_Barshis-Radice_Host_contig16922"
"459","Down",NA,"Siderastrea_Mexico_Barshis-Radice_Host_contig16969"
"460","Down",NA,"Siderastrea_Mexico_Barshis-Radice_Host_contig16990"
"461","Down",NA,"Siderastrea_Mexico_Barshis-Radice_Host_contig17006"
"462","Down",NA,"Siderastrea_Mexico_Barshis-Radice_Host_contig17010"
"463","Down",NA,"Siderastrea_Mexico_Barshis-Radice_Host_contig17012"
"464","Down",NA,"Siderastrea_Mexico_Barshis-Radice_Host_contig17076"
"465","Down",NA,"Siderastrea_Mexico_Barshis-Radice_Host_contig17105"
"466","Down",NA,"Siderastrea_Mexico_Barshis-Radice_Host_contig17132"
"467","Down",NA,"Siderastrea_Mexico_Barshis-Radice_Host_contig17170"
"468","Down",NA,"Siderastrea_Mexico_Barshis-Radice_Host_contig17260"
"469","Down",NA,"Siderastrea_Mexico_Barshis-Radice_Host_contig17320"
"470","Down",NA,"Siderastrea_Mexico_Barshis-Radice_Host_contig17381"
"471","Down",NA,"Siderastrea_Mexico_Barshis-Radice_Host_contig17474"
"472","Down",NA,"Siderastrea_Mexico_Barshis-Radice_Host_contig17481"
"473","Down",NA,"Siderastrea_Mexico_Barshis-Radice_Host_contig17511"
"474","Down",NA,"Siderastrea_Mexico_Barshis-Radice_Host_contig17631"
"475","Down",NA,"Siderastrea_Mexico_Barshis-Radice_Host_contig17679"
"476","Down",NA,"Siderastrea_Mexico_Barshis-Radice_Host_contig17688"
"477","Down",NA,"Siderastrea_Mexico_Barshis-Radice_Host_contig17752"
"478","Down",NA,"Siderastrea_Mexico_Barshis-Radice_Host_contig17756"
"479","Down",NA,"Siderastrea_Mexico_Barshis-Radice_Host_contig17788"
"480","Down",NA,"Siderastrea_Mexico_Barshis-Radice_Host_contig17837"
"481","Down",NA,"Siderastrea_Mexico_Barshis-Radice_Host_contig17842"
"482","Down",NA,"Siderastrea_Mexico_Barshis-Radice_Host_contig17849"
"483","Down",NA,"Siderastrea_Mexico_Barshis-Radice_Host_contig17890"
"484","Down",NA,"Siderastrea_Mexico_Barshis-Radice_Host_contig17892"
"485","Down",NA,"Siderastrea_Mexico_Barshis-Radice_Host_contig17937"
"486","Down",NA,"Siderastrea_Mexico_Barshis-Radice_Host_contig17985"
"487","Down",NA,"Siderastrea_Mexico_Barshis-Radice_Host_contig17991"
"488","Down",NA,"Siderastrea_Mexico_Barshis-Radice_Host_contig18105"
"489","Down",NA,"Siderastrea_Mexico_Barshis-Radice_Host_contig18111"
"490","Down",NA,"Siderastrea_Mexico_Barshis-Radice_Host_contig18138"
"491","Down",NA,"Siderastrea_Mexico_Barshis-Radice_Host_contig18147"
"492","Down",NA,"Siderastrea_Mexico_Barshis-Radice_Host_contig18164"
"493","Down",NA,"Siderastrea_Mexico_Barshis-Radice_Host_contig18209"
"494","Down",NA,"Siderastrea_Mexico_Barshis-Radice_Host_contig18232"
"495","Down",NA,"Siderastrea_Mexico_Barshis-Radice_Host_contig18328"
"496","Down",NA,"Siderastrea_Mexico_Barshis-Radice_Host_contig18344"
"497","Down",NA,"Siderastrea_Mexico_Barshis-Radice_Host_contig18346"
"498","Down",NA,"Siderastrea_Mexico_Barshis-Radice_Host_contig18427"
"499","Down",NA,"Siderastrea_Mexico_Barshis-Radice_Host_contig18479"
"500","Down",NA,"Siderastrea_Mexico_Barshis-Radice_Host_contig18492"
"501","Down",NA,"Siderastrea_Mexico_Barshis-Radice_Host_contig18493"
"502","Down",NA,"Siderastrea_Mexico_Barshis-Radice_Host_contig18560"
"503","Down",NA,"Siderastrea_Mexico_Barshis-Radice_Host_contig18735"
"504","Down",NA,"Siderastrea_Mexico_Barshis-Radice_Host_contig18750"
"505","Down",NA,"Siderastrea_Mexico_Barshis-Radice_Host_contig18826"
"506","Down",NA,"Siderastrea_Mexico_Barshis-Radice_Host_contig18861"
"507","Down",NA,"Siderastrea_Mexico_Barshis-Radice_Host_contig18890"
"508","Down",NA,"Siderastrea_Mexico_Barshis-Radice_Host_contig18982"
"509","Down",NA,"Siderastrea_Mexico_Barshis-Radice_Host_contig19003"
"510","Down",NA,"Siderastrea_Mexico_Barshis-Radice_Host_contig19005"
"511","Down",NA,"Siderastrea_Mexico_Barshis-Radice_Host_contig19076"
"512","Down",NA,"Siderastrea_Mexico_Barshis-Radice_Host_contig19111"
"513","Down",NA,"Siderastrea_Mexico_Barshis-Radice_Host_contig19171"
"514","Down",NA,"Siderastrea_Mexico_Barshis-Radice_Host_contig19194"
"515","Down",NA,"Siderastrea_Mexico_Barshis-Radice_Host_contig19263"
"516","Up","Siderastrea_Mexico_Barshis-Radice_Host_contig00070",NA
"517","Up","Siderastrea_Mexico_Barshis-Radice_Host_contig00073",NA
"518","Up","Siderastrea_Mexico_Barshis-Radice_Host_contig00100",NA
"519","Up","Siderastrea_Mexico_Barshis-Radice_Host_contig00124",NA
"520","Up","Siderastrea_Mexico_Barshis-Radice_Host_contig00140",NA
"521","Up","Siderastrea_Mexico_Barshis-Radice_Host_contig00146",NA
"522","Up","Siderastrea_Mexico_Barshis-Radice_Host_contig00280",NA
"523","Up","Siderastrea_Mexico_Barshis-Radice_Host_contig00324",NA
"524","Up","Siderastrea_Mexico_Barshis-Radice_Host_contig00360",NA
"525","Up","Siderastrea_Mexico_Barshis-Radice_Host_contig00418",NA
"526","Up","Siderastrea_Mexico_Barshis-Radice_Host_contig00504",NA
"527","Up","Siderastrea_Mexico_Barshis-Radice_Host_contig00514",NA
"528","Up","Siderastrea_Mexico_Barshis-Radice_Host_contig00618",NA
"529","Up","Siderastrea_Mexico_Barshis-Radice_Host_contig00667",NA
"530","Up","Siderastrea_Mexico_Barshis-Radice_Host_contig00671",NA
"531","Up","Siderastrea_Mexico_Barshis-Radice_Host_contig00750",NA
"532","Up","Siderastrea_Mexico_Barshis-Radice_Host_contig00822",NA
"533","Up","Siderastrea_Mexico_Barshis-Radice_Host_contig00834",NA
"534","Up","Siderastrea_Mexico_Barshis-Radice_Host_contig00889",NA
"535","Up","Siderastrea_Mexico_Barshis-Radice_Host_contig00899",NA
"536","Up","Siderastrea_Mexico_Barshis-Radice_Host_contig00942",NA
"537","Up","Siderastrea_Mexico_Barshis-Radice_Host_contig01006",NA
"538","Up","Siderastrea_Mexico_Barshis-Radice_Host_contig01101",NA
"539","Up","Siderastrea_Mexico_Barshis-Radice_Host_contig01130",NA
"540","Up","Siderastrea_Mexico_Barshis-Radice_Host_contig01234",NA
"541","Up","Siderastrea_Mexico_Barshis-Radice_Host_contig01259",NA
"542","Up","Siderastrea_Mexico_Barshis-Radice_Host_contig01325",NA
"543","Up","Siderastrea_Mexico_Barshis-Radice_Host_contig01353",NA
"544","Up","Siderastrea_Mexico_Barshis-Radice_Host_contig01407",NA
"545","Up","Siderastrea_Mexico_Barshis-Radice_Host_contig01462",NA
"546","Up","Siderastrea_Mexico_Barshis-Radice_Host_contig01523",NA
"547","Up","Siderastrea_Mexico_Barshis-Radice_Host_contig01583",NA
"548","Up","Siderastrea_Mexico_Barshis-Radice_Host_contig01731",NA
"549","Up","Siderastrea_Mexico_Barshis-Radice_Host_contig01734",NA
"550","Up","Siderastrea_Mexico_Barshis-Radice_Host_contig01748",NA
"551","Up","Siderastrea_Mexico_Barshis-Radice_Host_contig01886",NA
"552","Up","Siderastrea_Mexico_Barshis-Radice_Host_contig01985",NA
"553","Up","Siderastrea_Mexico_Barshis-Radice_Host_contig02158",NA
"554","Up","Siderastrea_Mexico_Barshis-Radice_Host_contig02233",NA
"555","Up","Siderastrea_Mexico_Barshis-Radice_Host_contig02284",NA
"556","Up","Siderastrea_Mexico_Barshis-Radice_Host_contig02427",NA
"557","Up","Siderastrea_Mexico_Barshis-Radice_Host_contig02437",NA
"558","Up","Siderastrea_Mexico_Barshis-Radice_Host_contig02545",NA
"559","Up","Siderastrea_Mexico_Barshis-Radice_Host_contig02642",NA
"560","Up","Siderastrea_Mexico_Barshis-Radice_Host_contig02812",NA
"561","Up","Siderastrea_Mexico_Barshis-Radice_Host_contig02837",NA
"562","Up","Siderastrea_Mexico_Barshis-Radice_Host_contig02866",NA
"563","Up","Siderastrea_Mexico_Barshis-Radice_Host_contig02883",NA
"564","Up","Siderastrea_Mexico_Barshis-Radice_Host_contig02983",NA
"565","Up","Siderastrea_Mexico_Barshis-Radice_Host_contig03183",NA
"566","Up","Siderastrea_Mexico_Barshis-Radice_Host_contig03208",NA
"567","Up","Siderastrea_Mexico_Barshis-Radice_Host_contig03279",NA
"568","Up","Siderastrea_Mexico_Barshis-Radice_Host_contig03293",NA
"569","Up","Siderastrea_Mexico_Barshis-Radice_Host_contig03357",NA
"570","Up","Siderastrea_Mexico_Barshis-Radice_Host_contig03385",NA
"571","Up","Siderastrea_Mexico_Barshis-Radice_Host_contig03419",NA
"572","Up","Siderastrea_Mexico_Barshis-Radice_Host_contig03425",NA
"573","Up","Siderastrea_Mexico_Barshis-Radice_Host_contig03478",NA
"574","Up","Siderastrea_Mexico_Barshis-Radice_Host_contig03512",NA
"575","Up","Siderastrea_Mexico_Barshis-Radice_Host_contig03552",NA
"576","Up","Siderastrea_Mexico_Barshis-Radice_Host_contig03572",NA
"577","Up","Siderastrea_Mexico_Barshis-Radice_Host_contig03585",NA
"578","Up","Siderastrea_Mexico_Barshis-Radice_Host_contig03616",NA
"579","Up","Siderastrea_Mexico_Barshis-Radice_Host_contig03656",NA
"580","Up","Siderastrea_Mexico_Barshis-Radice_Host_contig03737",NA
"581","Up","Siderastrea_Mexico_Barshis-Radice_Host_contig03779",NA
"582","Up","Siderastrea_Mexico_Barshis-Radice_Host_contig03826",NA
"583","Up","Siderastrea_Mexico_Barshis-Radice_Host_contig03845",NA
"584","Up","Siderastrea_Mexico_Barshis-Radice_Host_contig03863",NA
"585","Up","Siderastrea_Mexico_Barshis-Radice_Host_contig03874",NA
"586","Up","Siderastrea_Mexico_Barshis-Radice_Host_contig03907",NA
"587","Up","Siderastrea_Mexico_Barshis-Radice_Host_contig03960",NA
"588","Up","Siderastrea_Mexico_Barshis-Radice_Host_contig03995",NA
"589","Up","Siderastrea_Mexico_Barshis-Radice_Host_contig04182",NA
"590","Up","Siderastrea_Mexico_Barshis-Radice_Host_contig04212",NA
"591","Up","Siderastrea_Mexico_Barshis-Radice_Host_contig04248",NA
"592","Up","Siderastrea_Mexico_Barshis-Radice_Host_contig04249",NA
"593","Up","Siderastrea_Mexico_Barshis-Radice_Host_contig04293",NA
"594","Up","Siderastrea_Mexico_Barshis-Radice_Host_contig04311",NA
"595","Up","Siderastrea_Mexico_Barshis-Radice_Host_contig04322",NA
"596","Up","Siderastrea_Mexico_Barshis-Radice_Host_contig04361",NA
"597","Up","Siderastrea_Mexico_Barshis-Radice_Host_contig04362",NA
"598","Up","Siderastrea_Mexico_Barshis-Radice_Host_contig04366",NA
"599","Up","Siderastrea_Mexico_Barshis-Radice_Host_contig04460",NA
"600","Up","Siderastrea_Mexico_Barshis-Radice_Host_contig04549",NA
"601","Up","Siderastrea_Mexico_Barshis-Radice_Host_contig04566",NA
"602","Up","Siderastrea_Mexico_Barshis-Radice_Host_contig04575",NA
"603","Up","Siderastrea_Mexico_Barshis-Radice_Host_contig04740",NA
"604","Up","Siderastrea_Mexico_Barshis-Radice_Host_contig04791",NA
"605","Up","Siderastrea_Mexico_Barshis-Radice_Host_contig04815",NA
"606","Up","Siderastrea_Mexico_Barshis-Radice_Host_contig04826",NA
"607","Up","Siderastrea_Mexico_Barshis-Radice_Host_contig04859",NA
"608","Up","Siderastrea_Mexico_Barshis-Radice_Host_contig04876",NA
"609","Up","Siderastrea_Mexico_Barshis-Radice_Host_contig04945",NA
"610","Up","Siderastrea_Mexico_Barshis-Radice_Host_contig05007",NA
"611","Up","Siderastrea_Mexico_Barshis-Radice_Host_contig05109",NA
"612","Up","Siderastrea_Mexico_Barshis-Radice_Host_contig05284",NA
"613","Up","Siderastrea_Mexico_Barshis-Radice_Host_contig05314",NA
"614","Up","Siderastrea_Mexico_Barshis-Radice_Host_contig05324",NA
"615","Up","Siderastrea_Mexico_Barshis-Radice_Host_contig05344",NA
"616","Up","Siderastrea_Mexico_Barshis-Radice_Host_contig05356",NA
"617","Up","Siderastrea_Mexico_Barshis-Radice_Host_contig05377",NA
"618","Up","Siderastrea_Mexico_Barshis-Radice_Host_contig05452",NA
"619","Up","Siderastrea_Mexico_Barshis-Radice_Host_contig05473",NA
"620","Up","Siderastrea_Mexico_Barshis-Radice_Host_contig05489",NA
"621","Up","Siderastrea_Mexico_Barshis-Radice_Host_contig05498",NA
"622","Up","Siderastrea_Mexico_Barshis-Radice_Host_contig05681",NA
"623","Up","Siderastrea_Mexico_Barshis-Radice_Host_contig05853",NA
"624","Up","Siderastrea_Mexico_Barshis-Radice_Host_contig05867",NA
"625","Up","Siderastrea_Mexico_Barshis-Radice_Host_contig05931",NA
"626","Up","Siderastrea_Mexico_Barshis-Radice_Host_contig05951",NA
"627","Up","Siderastrea_Mexico_Barshis-Radice_Host_contig05979",NA
"628","Up","Siderastrea_Mexico_Barshis-Radice_Host_contig06036",NA
"629","Up","Siderastrea_Mexico_Barshis-Radice_Host_contig06128",NA
"630","Up","Siderastrea_Mexico_Barshis-Radice_Host_contig06147",NA
"631","Up","Siderastrea_Mexico_Barshis-Radice_Host_contig06154",NA
"632","Up","Siderastrea_Mexico_Barshis-Radice_Host_contig06211",NA
"633","Up","Siderastrea_Mexico_Barshis-Radice_Host_contig06240",NA
"634","Up","Siderastrea_Mexico_Barshis-Radice_Host_contig06291",NA
"635","Up","Siderastrea_Mexico_Barshis-Radice_Host_contig06319",NA
"636","Up","Siderastrea_Mexico_Barshis-Radice_Host_contig06321",NA
"637","Up","Siderastrea_Mexico_Barshis-Radice_Host_contig06499",NA
"638","Up","Siderastrea_Mexico_Barshis-Radice_Host_contig06530",NA
"639","Up","Siderastrea_Mexico_Barshis-Radice_Host_contig06534",NA
"640","Up","Siderastrea_Mexico_Barshis-Radice_Host_contig06630",NA
"641","Up","Siderastrea_Mexico_Barshis-Radice_Host_contig06724",NA
"642","Up","Siderastrea_Mexico_Barshis-Radice_Host_contig06785",NA
"643","Up","Siderastrea_Mexico_Barshis-Radice_Host_contig06819",NA
"644","Up","Siderastrea_Mexico_Barshis-Radice_Host_contig06851",NA
"645","Up","Siderastrea_Mexico_Barshis-Radice_Host_contig06873",NA
"646","Up","Siderastrea_Mexico_Barshis-Radice_Host_contig06883",NA
"647","Up","Siderastrea_Mexico_Barshis-Radice_Host_contig06907",NA
"648","Up","Siderastrea_Mexico_Barshis-Radice_Host_contig06922",NA
"649","Up","Siderastrea_Mexico_Barshis-Radice_Host_contig06936",NA
"650","Up","Siderastrea_Mexico_Barshis-Radice_Host_contig06987",NA
"651","Up","Siderastrea_Mexico_Barshis-Radice_Host_contig07037",NA
"652","Up","Siderastrea_Mexico_Barshis-Radice_Host_contig07074",NA
"653","Up","Siderastrea_Mexico_Barshis-Radice_Host_contig07081",NA
"654","Up","Siderastrea_Mexico_Barshis-Radice_Host_contig07088",NA
"655","Up","Siderastrea_Mexico_Barshis-Radice_Host_contig07130",NA
"656","Up","Siderastrea_Mexico_Barshis-Radice_Host_contig07168",NA
"657","Up","Siderastrea_Mexico_Barshis-Radice_Host_contig07250",NA
"658","Up","Siderastrea_Mexico_Barshis-Radice_Host_contig07251",NA
"659","Up","Siderastrea_Mexico_Barshis-Radice_Host_contig07311",NA
"660","Up","Siderastrea_Mexico_Barshis-Radice_Host_contig07339",NA
"661","Up","Siderastrea_Mexico_Barshis-Radice_Host_contig07363",NA
"662","Up","Siderastrea_Mexico_Barshis-Radice_Host_contig07403",NA
"663","Up","Siderastrea_Mexico_Barshis-Radice_Host_contig07425",NA
"664","Up","Siderastrea_Mexico_Barshis-Radice_Host_contig07462",NA
"665","Up","Siderastrea_Mexico_Barshis-Radice_Host_contig07511",NA
"666","Up","Siderastrea_Mexico_Barshis-Radice_Host_contig07530",NA
"667","Up","Siderastrea_Mexico_Barshis-Radice_Host_contig07730",NA
"668","Up","Siderastrea_Mexico_Barshis-Radice_Host_contig07738",NA
"669","Up","Siderastrea_Mexico_Barshis-Radice_Host_contig07765",NA
"670","Up","Siderastrea_Mexico_Barshis-Radice_Host_contig07777",NA
"671","Up","Siderastrea_Mexico_Barshis-Radice_Host_contig07897",NA
"672","Up","Siderastrea_Mexico_Barshis-Radice_Host_contig07935",NA
"673","Up","Siderastrea_Mexico_Barshis-Radice_Host_contig07980",NA
"674","Up","Siderastrea_Mexico_Barshis-Radice_Host_contig08014",NA
"675","Up","Siderastrea_Mexico_Barshis-Radice_Host_contig08057",NA
"676","Up","Siderastrea_Mexico_Barshis-Radice_Host_contig08062",NA
"677","Up","Siderastrea_Mexico_Barshis-Radice_Host_contig08271",NA
"678","Up","Siderastrea_Mexico_Barshis-Radice_Host_contig08291",NA
"679","Up","Siderastrea_Mexico_Barshis-Radice_Host_contig08319",NA
"680","Up","Siderastrea_Mexico_Barshis-Radice_Host_contig08410",NA
"681","Up","Siderastrea_Mexico_Barshis-Radice_Host_contig08457",NA
"682","Up","Siderastrea_Mexico_Barshis-Radice_Host_contig08523",NA
"683","Up","Siderastrea_Mexico_Barshis-Radice_Host_contig08538",NA
"684","Up","Siderastrea_Mexico_Barshis-Radice_Host_contig08612",NA
"685","Up","Siderastrea_Mexico_Barshis-Radice_Host_contig08651",NA
"686","Up","Siderastrea_Mexico_Barshis-Radice_Host_contig08842",NA
"687","Up","Siderastrea_Mexico_Barshis-Radice_Host_contig08862",NA
"688","Up","Siderastrea_Mexico_Barshis-Radice_Host_contig08959",NA
"689","Up","Siderastrea_Mexico_Barshis-Radice_Host_contig09046",NA
"690","Up","Siderastrea_Mexico_Barshis-Radice_Host_contig09086",NA
"691","Up","Siderastrea_Mexico_Barshis-Radice_Host_contig09103",NA
"692","Up","Siderastrea_Mexico_Barshis-Radice_Host_contig09185",NA
"693","Up","Siderastrea_Mexico_Barshis-Radice_Host_contig09196",NA
"694","Up","Siderastrea_Mexico_Barshis-Radice_Host_contig09209",NA
"695","Up","Siderastrea_Mexico_Barshis-Radice_Host_contig09346",NA
"696","Up","Siderastrea_Mexico_Barshis-Radice_Host_contig09382",NA
"697","Up","Siderastrea_Mexico_Barshis-Radice_Host_contig09506",NA
"698","Up","Siderastrea_Mexico_Barshis-Radice_Host_contig09521",NA
"699","Up","Siderastrea_Mexico_Barshis-Radice_Host_contig09523",NA
"700","Up","Siderastrea_Mexico_Barshis-Radice_Host_contig09548",NA
"701","Up","Siderastrea_Mexico_Barshis-Radice_Host_contig09609",NA
"702","Up","Siderastrea_Mexico_Barshis-Radice_Host_contig09617",NA
"703","Up","Siderastrea_Mexico_Barshis-Radice_Host_contig09669",NA
"704","Up","Siderastrea_Mexico_Barshis-Radice_Host_contig09703",NA
"705","Up","Siderastrea_Mexico_Barshis-Radice_Host_contig09718",NA
"706","Up","Siderastrea_Mexico_Barshis-Radice_Host_contig09749",NA
"707","Up","Siderastrea_Mexico_Barshis-Radice_Host_contig09871",NA
"708","Up","Siderastrea_Mexico_Barshis-Radice_Host_contig09884",NA
"709","Up","Siderastrea_Mexico_Barshis-Radice_Host_contig09902",NA
"710","Up","Siderastrea_Mexico_Barshis-Radice_Host_contig10028",NA
"711","Up","Siderastrea_Mexico_Barshis-Radice_Host_contig10045",NA
"712","Up","Siderastrea_Mexico_Barshis-Radice_Host_contig10094",NA
"713","Up","Siderastrea_Mexico_Barshis-Radice_Host_contig10115",NA
"714","Up","Siderastrea_Mexico_Barshis-Radice_Host_contig10152",NA
"715","Up","Siderastrea_Mexico_Barshis-Radice_Host_contig10185",NA
"716","Up","Siderastrea_Mexico_Barshis-Radice_Host_contig10213",NA
"717","Up","Siderastrea_Mexico_Barshis-Radice_Host_contig10258",NA
"718","Up","Siderastrea_Mexico_Barshis-Radice_Host_contig10303",NA
"719","Up","Siderastrea_Mexico_Barshis-Radice_Host_contig10399",NA
"720","Up","Siderastrea_Mexico_Barshis-Radice_Host_contig10469",NA
"721","Up","Siderastrea_Mexico_Barshis-Radice_Host_contig10514",NA
"722","Up","Siderastrea_Mexico_Barshis-Radice_Host_contig10548",NA
"723","Up","Siderastrea_Mexico_Barshis-Radice_Host_contig10624",NA
"724","Up","Siderastrea_Mexico_Barshis-Radice_Host_contig10628",NA
"725","Up","Siderastrea_Mexico_Barshis-Radice_Host_contig10661",NA
"726","Up","Siderastrea_Mexico_Barshis-Radice_Host_contig10707",NA
"727","Up","Siderastrea_Mexico_Barshis-Radice_Host_contig10791",NA
"728","Up","Siderastrea_Mexico_Barshis-Radice_Host_contig10797",NA
"729","Up","Siderastrea_Mexico_Barshis-Radice_Host_contig10896",NA
"730","Up","Siderastrea_Mexico_Barshis-Radice_Host_contig10935",NA
"731","Up","Siderastrea_Mexico_Barshis-Radice_Host_contig10937",NA
"732","Up","Siderastrea_Mexico_Barshis-Radice_Host_contig10944",NA
"733","Up","Siderastrea_Mexico_Barshis-Radice_Host_contig10988",NA
"734","Up","Siderastrea_Mexico_Barshis-Radice_Host_contig11107",NA
"735","Up","Siderastrea_Mexico_Barshis-Radice_Host_contig11129",NA
"736","Up","Siderastrea_Mexico_Barshis-Radice_Host_contig11175",NA
"737","Up","Siderastrea_Mexico_Barshis-Radice_Host_contig11211",NA
"738","Up","Siderastrea_Mexico_Barshis-Radice_Host_contig11214",NA
"739","Up","Siderastrea_Mexico_Barshis-Radice_Host_contig11236",NA
"740","Up","Siderastrea_Mexico_Barshis-Radice_Host_contig11264",NA
"741","Up","Siderastrea_Mexico_Barshis-Radice_Host_contig11290",NA
"742","Up","Siderastrea_Mexico_Barshis-Radice_Host_contig11299",NA
"743","Up","Siderastrea_Mexico_Barshis-Radice_Host_contig11342",NA
"744","Up","Siderastrea_Mexico_Barshis-Radice_Host_contig11393",NA
"745","Up","Siderastrea_Mexico_Barshis-Radice_Host_contig11461",NA
"746","Up","Siderastrea_Mexico_Barshis-Radice_Host_contig11466",NA
"747","Up","Siderastrea_Mexico_Barshis-Radice_Host_contig11541",NA
"748","Up","Siderastrea_Mexico_Barshis-Radice_Host_contig11637",NA
"749","Up","Siderastrea_Mexico_Barshis-Radice_Host_contig11774",NA
"750","Up","Siderastrea_Mexico_Barshis-Radice_Host_contig11778",NA
"751","Up","Siderastrea_Mexico_Barshis-Radice_Host_contig11840",NA
"752","Up","Siderastrea_Mexico_Barshis-Radice_Host_contig12031",NA
"753","Up","Siderastrea_Mexico_Barshis-Radice_Host_contig12091",NA
"754","Up","Siderastrea_Mexico_Barshis-Radice_Host_contig12184",NA
"755","Up","Siderastrea_Mexico_Barshis-Radice_Host_contig12218",NA
"756","Up","Siderastrea_Mexico_Barshis-Radice_Host_contig12228",NA
"757","Up","Siderastrea_Mexico_Barshis-Radice_Host_contig12242",NA
"758","Up","Siderastrea_Mexico_Barshis-Radice_Host_contig12258",NA
"759","Up","Siderastrea_Mexico_Barshis-Radice_Host_contig12278",NA
"760","Up","Siderastrea_Mexico_Barshis-Radice_Host_contig12402",NA
"761","Up","Siderastrea_Mexico_Barshis-Radice_Host_contig12426",NA
"762","Up","Siderastrea_Mexico_Barshis-Radice_Host_contig12450",NA
"763","Up","Siderastrea_Mexico_Barshis-Radice_Host_contig12481",NA
"764","Up","Siderastrea_Mexico_Barshis-Radice_Host_contig12547",NA
"765","Up","Siderastrea_Mexico_Barshis-Radice_Host_contig12584",NA
"766","Up","Siderastrea_Mexico_Barshis-Radice_Host_contig12586",NA
"767","Up","Siderastrea_Mexico_Barshis-Radice_Host_contig12663",NA
"768","Up","Siderastrea_Mexico_Barshis-Radice_Host_contig12684",NA
"769","Up","Siderastrea_Mexico_Barshis-Radice_Host_contig12690",NA
"770","Up","Siderastrea_Mexico_Barshis-Radice_Host_contig12719",NA
"771","Up","Siderastrea_Mexico_Barshis-Radice_Host_contig12738",NA
"772","Up","Siderastrea_Mexico_Barshis-Radice_Host_contig12777",NA
"773","Up","Siderastrea_Mexico_Barshis-Radice_Host_contig12801",NA
"774","Up","Siderastrea_Mexico_Barshis-Radice_Host_contig12808",NA
"775","Up","Siderastrea_Mexico_Barshis-Radice_Host_contig12980",NA
"776","Up","Siderastrea_Mexico_Barshis-Radice_Host_contig13107",NA
"777","Up","Siderastrea_Mexico_Barshis-Radice_Host_contig13124",NA
"778","Up","Siderastrea_Mexico_Barshis-Radice_Host_contig13131",NA
"779","Up","Siderastrea_Mexico_Barshis-Radice_Host_contig13226",NA
"780","Up","Siderastrea_Mexico_Barshis-Radice_Host_contig13240",NA
"781","Up","Siderastrea_Mexico_Barshis-Radice_Host_contig13260",NA
"782","Up","Siderastrea_Mexico_Barshis-Radice_Host_contig13339",NA
"783","Up","Siderastrea_Mexico_Barshis-Radice_Host_contig13572",NA
"784","Up","Siderastrea_Mexico_Barshis-Radice_Host_contig13595",NA
"785","Up","Siderastrea_Mexico_Barshis-Radice_Host_contig13607",NA
"786","Up","Siderastrea_Mexico_Barshis-Radice_Host_contig13624",NA
"787","Up","Siderastrea_Mexico_Barshis-Radice_Host_contig13679",NA
"788","Up","Siderastrea_Mexico_Barshis-Radice_Host_contig13829",NA
"789","Up","Siderastrea_Mexico_Barshis-Radice_Host_contig13876",NA
"790","Up","Siderastrea_Mexico_Barshis-Radice_Host_contig13877",NA
"791","Up","Siderastrea_Mexico_Barshis-Radice_Host_contig13910",NA
"792","Up","Siderastrea_Mexico_Barshis-Radice_Host_contig14037",NA
"793","Up","Siderastrea_Mexico_Barshis-Radice_Host_contig14054",NA
"794","Up","Siderastrea_Mexico_Barshis-Radice_Host_contig14088",NA
"795","Up","Siderastrea_Mexico_Barshis-Radice_Host_contig14110",NA
"796","Up","Siderastrea_Mexico_Barshis-Radice_Host_contig14113",NA
"797","Up","Siderastrea_Mexico_Barshis-Radice_Host_contig14173",NA
"798","Up","Siderastrea_Mexico_Barshis-Radice_Host_contig14177",NA
"799","Up","Siderastrea_Mexico_Barshis-Radice_Host_contig14190",NA
"800","Up","Siderastrea_Mexico_Barshis-Radice_Host_contig14280",NA
"801","Up","Siderastrea_Mexico_Barshis-Radice_Host_contig14298",NA
"802","Up","Siderastrea_Mexico_Barshis-Radice_Host_contig14299",NA
"803","Up","Siderastrea_Mexico_Barshis-Radice_Host_contig14427",NA
"804","Up","Siderastrea_Mexico_Barshis-Radice_Host_contig14447",NA
"805","Up","Siderastrea_Mexico_Barshis-Radice_Host_contig14457",NA
"806","Up","Siderastrea_Mexico_Barshis-Radice_Host_contig14477",NA
"807","Up","Siderastrea_Mexico_Barshis-Radice_Host_contig14591",NA
"808","Up","Siderastrea_Mexico_Barshis-Radice_Host_contig14597",NA
"809","Up","Siderastrea_Mexico_Barshis-Radice_Host_contig14761",NA
"810","Up","Siderastrea_Mexico_Barshis-Radice_Host_contig14819",NA
"811","Up","Siderastrea_Mexico_Barshis-Radice_Host_contig14961",NA
"812","Up","Siderastrea_Mexico_Barshis-Radice_Host_contig15026",NA
"813","Up","Siderastrea_Mexico_Barshis-Radice_Host_contig15031",NA
"814","Up","Siderastrea_Mexico_Barshis-Radice_Host_contig15067",NA
"815","Up","Siderastrea_Mexico_Barshis-Radice_Host_contig15099",NA
"816","Up","Siderastrea_Mexico_Barshis-Radice_Host_contig15111",NA
"817","Up","Siderastrea_Mexico_Barshis-Radice_Host_contig15114",NA
"818","Up","Siderastrea_Mexico_Barshis-Radice_Host_contig15127",NA
"819","Up","Siderastrea_Mexico_Barshis-Radice_Host_contig15219",NA
"820","Up","Siderastrea_Mexico_Barshis-Radice_Host_contig15378",NA
"821","Up","Siderastrea_Mexico_Barshis-Radice_Host_contig15414",NA
"822","Up","Siderastrea_Mexico_Barshis-Radice_Host_contig15433",NA
"823","Up","Siderastrea_Mexico_Barshis-Radice_Host_contig15451",NA
"824","Up","Siderastrea_Mexico_Barshis-Radice_Host_contig15473",NA
"825","Up","Siderastrea_Mexico_Barshis-Radice_Host_contig15482",NA
"826","Up","Siderastrea_Mexico_Barshis-Radice_Host_contig15496",NA
"827","Up","Siderastrea_Mexico_Barshis-Radice_Host_contig15560",NA
"828","Up","Siderastrea_Mexico_Barshis-Radice_Host_contig15565",NA
"829","Up","Siderastrea_Mexico_Barshis-Radice_Host_contig15625",NA
"830","Up","Siderastrea_Mexico_Barshis-Radice_Host_contig15711",NA
"831","Up","Siderastrea_Mexico_Barshis-Radice_Host_contig15754",NA
"832","Up","Siderastrea_Mexico_Barshis-Radice_Host_contig15756",NA
"833","Up","Siderastrea_Mexico_Barshis-Radice_Host_contig15761",NA
"834","Up","Siderastrea_Mexico_Barshis-Radice_Host_contig15817",NA
"835","Up","Siderastrea_Mexico_Barshis-Radice_Host_contig15849",NA
"836","Up","Siderastrea_Mexico_Barshis-Radice_Host_contig15865",NA
"837","Up","Siderastrea_Mexico_Barshis-Radice_Host_contig15922",NA
"838","Up","Siderastrea_Mexico_Barshis-Radice_Host_contig15929",NA
"839","Up","Siderastrea_Mexico_Barshis-Radice_Host_contig15970",NA
"840","Up","Siderastrea_Mexico_Barshis-Radice_Host_contig16008",NA
"841","Up","Siderastrea_Mexico_Barshis-Radice_Host_contig16112",NA
"842","Up","Siderastrea_Mexico_Barshis-Radice_Host_contig16159",NA
"843","Up","Siderastrea_Mexico_Barshis-Radice_Host_contig16216",NA
"844","Up","Siderastrea_Mexico_Barshis-Radice_Host_contig16278",NA
"845","Up","Siderastrea_Mexico_Barshis-Radice_Host_contig16303",NA
"846","Up","Siderastrea_Mexico_Barshis-Radice_Host_contig16320",NA
"847","Up","Siderastrea_Mexico_Barshis-Radice_Host_contig16326",NA
"848","Up","Siderastrea_Mexico_Barshis-Radice_Host_contig16400",NA
"849","Up","Siderastrea_Mexico_Barshis-Radice_Host_contig16438",NA
"850","Up","Siderastrea_Mexico_Barshis-Radice_Host_contig16446",NA
"851","Up","Siderastrea_Mexico_Barshis-Radice_Host_contig16536",NA
"852","Up","Siderastrea_Mexico_Barshis-Radice_Host_contig16609",NA
"853","Up","Siderastrea_Mexico_Barshis-Radice_Host_contig16800",NA
"854","Up","Siderastrea_Mexico_Barshis-Radice_Host_contig16812",NA
"855","Up","Siderastrea_Mexico_Barshis-Radice_Host_contig16813",NA
"856","Up","Siderastrea_Mexico_Barshis-Radice_Host_contig17108",NA
"857","Up","Siderastrea_Mexico_Barshis-Radice_Host_contig17207",NA
"858","Up","Siderastrea_Mexico_Barshis-Radice_Host_contig17242",NA
"859","Up","Siderastrea_Mexico_Barshis-Radice_Host_contig17316",NA
"860","Up","Siderastrea_Mexico_Barshis-Radice_Host_contig17351",NA
"861","Up","Siderastrea_Mexico_Barshis-Radice_Host_contig17374",NA
"862","Up","Siderastrea_Mexico_Barshis-Radice_Host_contig17411",NA
"863","Up","Siderastrea_Mexico_Barshis-Radice_Host_contig17441",NA
"864","Up","Siderastrea_Mexico_Barshis-Radice_Host_contig17486",NA
"865","Up","Siderastrea_Mexico_Barshis-Radice_Host_contig17491",NA
"866","Up","Siderastrea_Mexico_Barshis-Radice_Host_contig17520",NA
"867","Up","Siderastrea_Mexico_Barshis-Radice_Host_contig17590",NA
"868","Up","Siderastrea_Mexico_Barshis-Radice_Host_contig17605",NA
"869","Up","Siderastrea_Mexico_Barshis-Radice_Host_contig17665",NA
"870","Up","Siderastrea_Mexico_Barshis-Radice_Host_contig17680",NA
"871","Up","Siderastrea_Mexico_Barshis-Radice_Host_contig17772",NA
"872","Up","Siderastrea_Mexico_Barshis-Radice_Host_contig17806",NA
"873","Up","Siderastrea_Mexico_Barshis-Radice_Host_contig17860",NA
"874","Up","Siderastrea_Mexico_Barshis-Radice_Host_contig17889",NA
"875","Up","Siderastrea_Mexico_Barshis-Radice_Host_contig17963",NA
"876","Up","Siderastrea_Mexico_Barshis-Radice_Host_contig18039",NA
"877","Up","Siderastrea_Mexico_Barshis-Radice_Host_contig18108",NA
"878","Up","Siderastrea_Mexico_Barshis-Radice_Host_contig18161",NA
"879","Up","Siderastrea_Mexico_Barshis-Radice_Host_contig18168",NA
"880","Up","Siderastrea_Mexico_Barshis-Radice_Host_contig18213",NA
"881","Up","Siderastrea_Mexico_Barshis-Radice_Host_contig18270",NA
"882","Up","Siderastrea_Mexico_Barshis-Radice_Host_contig18341",NA
"883","Up","Siderastrea_Mexico_Barshis-Radice_Host_contig18360",NA
"884","Up","Siderastrea_Mexico_Barshis-Radice_Host_contig18382",NA
"885","Up","Siderastrea_Mexico_Barshis-Radice_Host_contig18420",NA
"886","Up","Siderastrea_Mexico_Barshis-Radice_Host_contig18452",NA
"887","Up","Siderastrea_Mexico_Barshis-Radice_Host_contig18516",NA
"888","Up","Siderastrea_Mexico_Barshis-Radice_Host_contig18538",NA
"889","Up","Siderastrea_Mexico_Barshis-Radice_Host_contig18586",NA
"890","Up","Siderastrea_Mexico_Barshis-Radice_Host_contig18589",NA
"891","Up","Siderastrea_Mexico_Barshis-Radice_Host_contig18618",NA
"892","Up","Siderastrea_Mexico_Barshis-Radice_Host_contig18689",NA
"893","Up","Siderastrea_Mexico_Barshis-Radice_Host_contig18717",NA
"894","Up","Siderastrea_Mexico_Barshis-Radice_Host_contig18815",NA
"895","Up","Siderastrea_Mexico_Barshis-Radice_Host_contig18858",NA
"896","Up","Siderastrea_Mexico_Barshis-Radice_Host_contig18912",NA
"897","Up","Siderastrea_Mexico_Barshis-Radice_Host_contig18958",NA
"898","Up","Siderastrea_Mexico_Barshis-Radice_Host_contig19033",NA
"899","Up","Siderastrea_Mexico_Barshis-Radice_Host_contig19050",NA
"900","Up","Siderastrea_Mexico_Barshis-Radice_Host_contig19148",NA
"901","Up","Siderastrea_Mexico_Barshis-Radice_Host_contig19174",NA
"902","Up","Siderastrea_Mexico_Barshis-Radice_Host_contig19184",NA
"903","Up","Siderastrea_Mexico_Barshis-Radice_Host_contig19255",NA
