"","DEG","up.results_RO_RC_padj.1","down.results_RO_RC_padj.1"
"1","Down",NA,"Siderastrea_Mexico_Barshis-Radice_Host_contig00073"
"2","Down",NA,"Siderastrea_Mexico_Barshis-Radice_Host_contig00124"
"3","Down",NA,"Siderastrea_Mexico_Barshis-Radice_Host_contig00148"
"4","Down",NA,"Siderastrea_Mexico_Barshis-Radice_Host_contig00176"
"5","Down",NA,"Siderastrea_Mexico_Barshis-Radice_Host_contig00212"
"6","Down",NA,"Siderastrea_Mexico_Barshis-Radice_Host_contig00280"
"7","Down",NA,"Siderastrea_Mexico_Barshis-Radice_Host_contig00319"
"8","Down",NA,"Siderastrea_Mexico_Barshis-Radice_Host_contig00466"
"9","Down",NA,"Siderastrea_Mexico_Barshis-Radice_Host_contig00536"
"10","Down",NA,"Siderastrea_Mexico_Barshis-Radice_Host_contig00667"
"11","Down",NA,"Siderastrea_Mexico_Barshis-Radice_Host_contig00671"
"12","Down",NA,"Siderastrea_Mexico_Barshis-Radice_Host_contig00702"
"13","Down",NA,"Siderastrea_Mexico_Barshis-Radice_Host_contig00715"
"14","Down",NA,"Siderastrea_Mexico_Barshis-Radice_Host_contig00734"
"15","Down",NA,"Siderastrea_Mexico_Barshis-Radice_Host_contig00742"
"16","Down",NA,"Siderastrea_Mexico_Barshis-Radice_Host_contig00782"
"17","Down",NA,"Siderastrea_Mexico_Barshis-Radice_Host_contig00804"
"18","Down",NA,"Siderastrea_Mexico_Barshis-Radice_Host_contig00822"
"19","Down",NA,"Siderastrea_Mexico_Barshis-Radice_Host_contig00838"
"20","Down",NA,"Siderastrea_Mexico_Barshis-Radice_Host_contig00891"
"21","Down",NA,"Siderastrea_Mexico_Barshis-Radice_Host_contig00917"
"22","Down",NA,"Siderastrea_Mexico_Barshis-Radice_Host_contig00922"
"23","Down",NA,"Siderastrea_Mexico_Barshis-Radice_Host_contig00972"
"24","Down",NA,"Siderastrea_Mexico_Barshis-Radice_Host_contig00987"
"25","Down",NA,"Siderastrea_Mexico_Barshis-Radice_Host_contig01044"
"26","Down",NA,"Siderastrea_Mexico_Barshis-Radice_Host_contig01054"
"27","Down",NA,"Siderastrea_Mexico_Barshis-Radice_Host_contig01069"
"28","Down",NA,"Siderastrea_Mexico_Barshis-Radice_Host_contig01077"
"29","Down",NA,"Siderastrea_Mexico_Barshis-Radice_Host_contig01152"
"30","Down",NA,"Siderastrea_Mexico_Barshis-Radice_Host_contig01164"
"31","Down",NA,"Siderastrea_Mexico_Barshis-Radice_Host_contig01266"
"32","Down",NA,"Siderastrea_Mexico_Barshis-Radice_Host_contig01326"
"33","Down",NA,"Siderastrea_Mexico_Barshis-Radice_Host_contig01394"
"34","Down",NA,"Siderastrea_Mexico_Barshis-Radice_Host_contig01448"
"35","Down",NA,"Siderastrea_Mexico_Barshis-Radice_Host_contig01462"
"36","Down",NA,"Siderastrea_Mexico_Barshis-Radice_Host_contig01500"
"37","Down",NA,"Siderastrea_Mexico_Barshis-Radice_Host_contig01533"
"38","Down",NA,"Siderastrea_Mexico_Barshis-Radice_Host_contig01536"
"39","Down",NA,"Siderastrea_Mexico_Barshis-Radice_Host_contig01567"
"40","Down",NA,"Siderastrea_Mexico_Barshis-Radice_Host_contig01731"
"41","Down",NA,"Siderastrea_Mexico_Barshis-Radice_Host_contig01763"
"42","Down",NA,"Siderastrea_Mexico_Barshis-Radice_Host_contig01806"
"43","Down",NA,"Siderastrea_Mexico_Barshis-Radice_Host_contig01842"
"44","Down",NA,"Siderastrea_Mexico_Barshis-Radice_Host_contig01878"
"45","Down",NA,"Siderastrea_Mexico_Barshis-Radice_Host_contig01896"
"46","Down",NA,"Siderastrea_Mexico_Barshis-Radice_Host_contig01938"
"47","Down",NA,"Siderastrea_Mexico_Barshis-Radice_Host_contig01985"
"48","Down",NA,"Siderastrea_Mexico_Barshis-Radice_Host_contig02124"
"49","Down",NA,"Siderastrea_Mexico_Barshis-Radice_Host_contig02147"
"50","Down",NA,"Siderastrea_Mexico_Barshis-Radice_Host_contig02253"
"51","Down",NA,"Siderastrea_Mexico_Barshis-Radice_Host_contig02331"
"52","Down",NA,"Siderastrea_Mexico_Barshis-Radice_Host_contig02348"
"53","Down",NA,"Siderastrea_Mexico_Barshis-Radice_Host_contig02402"
"54","Down",NA,"Siderastrea_Mexico_Barshis-Radice_Host_contig02403"
"55","Down",NA,"Siderastrea_Mexico_Barshis-Radice_Host_contig02427"
"56","Down",NA,"Siderastrea_Mexico_Barshis-Radice_Host_contig02449"
"57","Down",NA,"Siderastrea_Mexico_Barshis-Radice_Host_contig02464"
"58","Down",NA,"Siderastrea_Mexico_Barshis-Radice_Host_contig02472"
"59","Down",NA,"Siderastrea_Mexico_Barshis-Radice_Host_contig02506"
"60","Down",NA,"Siderastrea_Mexico_Barshis-Radice_Host_contig02596"
"61","Down",NA,"Siderastrea_Mexico_Barshis-Radice_Host_contig02604"
"62","Down",NA,"Siderastrea_Mexico_Barshis-Radice_Host_contig02748"
"63","Down",NA,"Siderastrea_Mexico_Barshis-Radice_Host_contig02760"
"64","Down",NA,"Siderastrea_Mexico_Barshis-Radice_Host_contig03107"
"65","Down",NA,"Siderastrea_Mexico_Barshis-Radice_Host_contig03320"
"66","Down",NA,"Siderastrea_Mexico_Barshis-Radice_Host_contig03396"
"67","Down",NA,"Siderastrea_Mexico_Barshis-Radice_Host_contig03425"
"68","Down",NA,"Siderastrea_Mexico_Barshis-Radice_Host_contig03479"
"69","Down",NA,"Siderastrea_Mexico_Barshis-Radice_Host_contig03543"
"70","Down",NA,"Siderastrea_Mexico_Barshis-Radice_Host_contig03563"
"71","Down",NA,"Siderastrea_Mexico_Barshis-Radice_Host_contig03680"
"72","Down",NA,"Siderastrea_Mexico_Barshis-Radice_Host_contig03708"
"73","Down",NA,"Siderastrea_Mexico_Barshis-Radice_Host_contig03845"
"74","Down",NA,"Siderastrea_Mexico_Barshis-Radice_Host_contig03972"
"75","Down",NA,"Siderastrea_Mexico_Barshis-Radice_Host_contig03995"
"76","Down",NA,"Siderastrea_Mexico_Barshis-Radice_Host_contig04045"
"77","Down",NA,"Siderastrea_Mexico_Barshis-Radice_Host_contig04168"
"78","Down",NA,"Siderastrea_Mexico_Barshis-Radice_Host_contig04169"
"79","Down",NA,"Siderastrea_Mexico_Barshis-Radice_Host_contig04206"
"80","Down",NA,"Siderastrea_Mexico_Barshis-Radice_Host_contig04238"
"81","Down",NA,"Siderastrea_Mexico_Barshis-Radice_Host_contig04244"
"82","Down",NA,"Siderastrea_Mexico_Barshis-Radice_Host_contig04293"
"83","Down",NA,"Siderastrea_Mexico_Barshis-Radice_Host_contig04308"
"84","Down",NA,"Siderastrea_Mexico_Barshis-Radice_Host_contig04311"
"85","Down",NA,"Siderastrea_Mexico_Barshis-Radice_Host_contig04361"
"86","Down",NA,"Siderastrea_Mexico_Barshis-Radice_Host_contig04366"
"87","Down",NA,"Siderastrea_Mexico_Barshis-Radice_Host_contig04403"
"88","Down",NA,"Siderastrea_Mexico_Barshis-Radice_Host_contig04630"
"89","Down",NA,"Siderastrea_Mexico_Barshis-Radice_Host_contig04708"
"90","Down",NA,"Siderastrea_Mexico_Barshis-Radice_Host_contig04756"
"91","Down",NA,"Siderastrea_Mexico_Barshis-Radice_Host_contig04871"
"92","Down",NA,"Siderastrea_Mexico_Barshis-Radice_Host_contig04882"
"93","Down",NA,"Siderastrea_Mexico_Barshis-Radice_Host_contig04898"
"94","Down",NA,"Siderastrea_Mexico_Barshis-Radice_Host_contig04975"
"95","Down",NA,"Siderastrea_Mexico_Barshis-Radice_Host_contig05018"
"96","Down",NA,"Siderastrea_Mexico_Barshis-Radice_Host_contig05042"
"97","Down",NA,"Siderastrea_Mexico_Barshis-Radice_Host_contig05109"
"98","Down",NA,"Siderastrea_Mexico_Barshis-Radice_Host_contig05137"
"99","Down",NA,"Siderastrea_Mexico_Barshis-Radice_Host_contig05141"
"100","Down",NA,"Siderastrea_Mexico_Barshis-Radice_Host_contig05154"
"101","Down",NA,"Siderastrea_Mexico_Barshis-Radice_Host_contig05217"
"102","Down",NA,"Siderastrea_Mexico_Barshis-Radice_Host_contig05390"
"103","Down",NA,"Siderastrea_Mexico_Barshis-Radice_Host_contig05452"
"104","Down",NA,"Siderastrea_Mexico_Barshis-Radice_Host_contig05540"
"105","Down",NA,"Siderastrea_Mexico_Barshis-Radice_Host_contig05552"
"106","Down",NA,"Siderastrea_Mexico_Barshis-Radice_Host_contig05555"
"107","Down",NA,"Siderastrea_Mexico_Barshis-Radice_Host_contig05580"
"108","Down",NA,"Siderastrea_Mexico_Barshis-Radice_Host_contig05599"
"109","Down",NA,"Siderastrea_Mexico_Barshis-Radice_Host_contig05601"
"110","Down",NA,"Siderastrea_Mexico_Barshis-Radice_Host_contig05635"
"111","Down",NA,"Siderastrea_Mexico_Barshis-Radice_Host_contig05670"
"112","Down",NA,"Siderastrea_Mexico_Barshis-Radice_Host_contig05736"
"113","Down",NA,"Siderastrea_Mexico_Barshis-Radice_Host_contig06010"
"114","Down",NA,"Siderastrea_Mexico_Barshis-Radice_Host_contig06036"
"115","Down",NA,"Siderastrea_Mexico_Barshis-Radice_Host_contig06191"
"116","Down",NA,"Siderastrea_Mexico_Barshis-Radice_Host_contig06278"
"117","Down",NA,"Siderastrea_Mexico_Barshis-Radice_Host_contig06346"
"118","Down",NA,"Siderastrea_Mexico_Barshis-Radice_Host_contig06358"
"119","Down",NA,"Siderastrea_Mexico_Barshis-Radice_Host_contig06365"
"120","Down",NA,"Siderastrea_Mexico_Barshis-Radice_Host_contig06518"
"121","Down",NA,"Siderastrea_Mexico_Barshis-Radice_Host_contig06534"
"122","Down",NA,"Siderastrea_Mexico_Barshis-Radice_Host_contig06545"
"123","Down",NA,"Siderastrea_Mexico_Barshis-Radice_Host_contig06686"
"124","Down",NA,"Siderastrea_Mexico_Barshis-Radice_Host_contig06738"
"125","Down",NA,"Siderastrea_Mexico_Barshis-Radice_Host_contig06784"
"126","Down",NA,"Siderastrea_Mexico_Barshis-Radice_Host_contig06785"
"127","Down",NA,"Siderastrea_Mexico_Barshis-Radice_Host_contig06803"
"128","Down",NA,"Siderastrea_Mexico_Barshis-Radice_Host_contig06843"
"129","Down",NA,"Siderastrea_Mexico_Barshis-Radice_Host_contig06865"
"130","Down",NA,"Siderastrea_Mexico_Barshis-Radice_Host_contig06900"
"131","Down",NA,"Siderastrea_Mexico_Barshis-Radice_Host_contig06939"
"132","Down",NA,"Siderastrea_Mexico_Barshis-Radice_Host_contig06961"
"133","Down",NA,"Siderastrea_Mexico_Barshis-Radice_Host_contig06987"
"134","Down",NA,"Siderastrea_Mexico_Barshis-Radice_Host_contig07013"
"135","Down",NA,"Siderastrea_Mexico_Barshis-Radice_Host_contig07042"
"136","Down",NA,"Siderastrea_Mexico_Barshis-Radice_Host_contig07043"
"137","Down",NA,"Siderastrea_Mexico_Barshis-Radice_Host_contig07089"
"138","Down",NA,"Siderastrea_Mexico_Barshis-Radice_Host_contig07205"
"139","Down",NA,"Siderastrea_Mexico_Barshis-Radice_Host_contig07227"
"140","Down",NA,"Siderastrea_Mexico_Barshis-Radice_Host_contig07249"
"141","Down",NA,"Siderastrea_Mexico_Barshis-Radice_Host_contig07260"
"142","Down",NA,"Siderastrea_Mexico_Barshis-Radice_Host_contig07285"
"143","Down",NA,"Siderastrea_Mexico_Barshis-Radice_Host_contig07335"
"144","Down",NA,"Siderastrea_Mexico_Barshis-Radice_Host_contig07338"
"145","Down",NA,"Siderastrea_Mexico_Barshis-Radice_Host_contig07356"
"146","Down",NA,"Siderastrea_Mexico_Barshis-Radice_Host_contig07381"
"147","Down",NA,"Siderastrea_Mexico_Barshis-Radice_Host_contig07459"
"148","Down",NA,"Siderastrea_Mexico_Barshis-Radice_Host_contig07466"
"149","Down",NA,"Siderastrea_Mexico_Barshis-Radice_Host_contig07559"
"150","Down",NA,"Siderastrea_Mexico_Barshis-Radice_Host_contig07578"
"151","Down",NA,"Siderastrea_Mexico_Barshis-Radice_Host_contig07597"
"152","Down",NA,"Siderastrea_Mexico_Barshis-Radice_Host_contig07626"
"153","Down",NA,"Siderastrea_Mexico_Barshis-Radice_Host_contig07730"
"154","Down",NA,"Siderastrea_Mexico_Barshis-Radice_Host_contig07738"
"155","Down",NA,"Siderastrea_Mexico_Barshis-Radice_Host_contig07783"
"156","Down",NA,"Siderastrea_Mexico_Barshis-Radice_Host_contig07785"
"157","Down",NA,"Siderastrea_Mexico_Barshis-Radice_Host_contig07806"
"158","Down",NA,"Siderastrea_Mexico_Barshis-Radice_Host_contig07846"
"159","Down",NA,"Siderastrea_Mexico_Barshis-Radice_Host_contig07892"
"160","Down",NA,"Siderastrea_Mexico_Barshis-Radice_Host_contig07916"
"161","Down",NA,"Siderastrea_Mexico_Barshis-Radice_Host_contig07957"
"162","Down",NA,"Siderastrea_Mexico_Barshis-Radice_Host_contig08033"
"163","Down",NA,"Siderastrea_Mexico_Barshis-Radice_Host_contig08135"
"164","Down",NA,"Siderastrea_Mexico_Barshis-Radice_Host_contig08170"
"165","Down",NA,"Siderastrea_Mexico_Barshis-Radice_Host_contig08172"
"166","Down",NA,"Siderastrea_Mexico_Barshis-Radice_Host_contig08185"
"167","Down",NA,"Siderastrea_Mexico_Barshis-Radice_Host_contig08197"
"168","Down",NA,"Siderastrea_Mexico_Barshis-Radice_Host_contig08257"
"169","Down",NA,"Siderastrea_Mexico_Barshis-Radice_Host_contig08291"
"170","Down",NA,"Siderastrea_Mexico_Barshis-Radice_Host_contig08319"
"171","Down",NA,"Siderastrea_Mexico_Barshis-Radice_Host_contig08457"
"172","Down",NA,"Siderastrea_Mexico_Barshis-Radice_Host_contig08542"
"173","Down",NA,"Siderastrea_Mexico_Barshis-Radice_Host_contig08612"
"174","Down",NA,"Siderastrea_Mexico_Barshis-Radice_Host_contig08614"
"175","Down",NA,"Siderastrea_Mexico_Barshis-Radice_Host_contig08628"
"176","Down",NA,"Siderastrea_Mexico_Barshis-Radice_Host_contig08721"
"177","Down",NA,"Siderastrea_Mexico_Barshis-Radice_Host_contig08725"
"178","Down",NA,"Siderastrea_Mexico_Barshis-Radice_Host_contig08735"
"179","Down",NA,"Siderastrea_Mexico_Barshis-Radice_Host_contig08761"
"180","Down",NA,"Siderastrea_Mexico_Barshis-Radice_Host_contig08771"
"181","Down",NA,"Siderastrea_Mexico_Barshis-Radice_Host_contig08787"
"182","Down",NA,"Siderastrea_Mexico_Barshis-Radice_Host_contig08832"
"183","Down",NA,"Siderastrea_Mexico_Barshis-Radice_Host_contig08838"
"184","Down",NA,"Siderastrea_Mexico_Barshis-Radice_Host_contig08865"
"185","Down",NA,"Siderastrea_Mexico_Barshis-Radice_Host_contig08876"
"186","Down",NA,"Siderastrea_Mexico_Barshis-Radice_Host_contig09007"
"187","Down",NA,"Siderastrea_Mexico_Barshis-Radice_Host_contig09086"
"188","Down",NA,"Siderastrea_Mexico_Barshis-Radice_Host_contig09103"
"189","Down",NA,"Siderastrea_Mexico_Barshis-Radice_Host_contig09129"
"190","Down",NA,"Siderastrea_Mexico_Barshis-Radice_Host_contig09217"
"191","Down",NA,"Siderastrea_Mexico_Barshis-Radice_Host_contig09235"
"192","Down",NA,"Siderastrea_Mexico_Barshis-Radice_Host_contig09237"
"193","Down",NA,"Siderastrea_Mexico_Barshis-Radice_Host_contig09264"
"194","Down",NA,"Siderastrea_Mexico_Barshis-Radice_Host_contig09336"
"195","Down",NA,"Siderastrea_Mexico_Barshis-Radice_Host_contig09367"
"196","Down",NA,"Siderastrea_Mexico_Barshis-Radice_Host_contig09370"
"197","Down",NA,"Siderastrea_Mexico_Barshis-Radice_Host_contig09381"
"198","Down",NA,"Siderastrea_Mexico_Barshis-Radice_Host_contig09521"
"199","Down",NA,"Siderastrea_Mexico_Barshis-Radice_Host_contig09664"
"200","Down",NA,"Siderastrea_Mexico_Barshis-Radice_Host_contig09679"
"201","Down",NA,"Siderastrea_Mexico_Barshis-Radice_Host_contig09703"
"202","Down",NA,"Siderastrea_Mexico_Barshis-Radice_Host_contig09718"
"203","Down",NA,"Siderastrea_Mexico_Barshis-Radice_Host_contig09760"
"204","Down",NA,"Siderastrea_Mexico_Barshis-Radice_Host_contig09802"
"205","Down",NA,"Siderastrea_Mexico_Barshis-Radice_Host_contig09828"
"206","Down",NA,"Siderastrea_Mexico_Barshis-Radice_Host_contig09944"
"207","Down",NA,"Siderastrea_Mexico_Barshis-Radice_Host_contig09965"
"208","Down",NA,"Siderastrea_Mexico_Barshis-Radice_Host_contig09980"
"209","Down",NA,"Siderastrea_Mexico_Barshis-Radice_Host_contig09983"
"210","Down",NA,"Siderastrea_Mexico_Barshis-Radice_Host_contig10035"
"211","Down",NA,"Siderastrea_Mexico_Barshis-Radice_Host_contig10086"
"212","Down",NA,"Siderastrea_Mexico_Barshis-Radice_Host_contig10087"
"213","Down",NA,"Siderastrea_Mexico_Barshis-Radice_Host_contig10108"
"214","Down",NA,"Siderastrea_Mexico_Barshis-Radice_Host_contig10145"
"215","Down",NA,"Siderastrea_Mexico_Barshis-Radice_Host_contig10169"
"216","Down",NA,"Siderastrea_Mexico_Barshis-Radice_Host_contig10187"
"217","Down",NA,"Siderastrea_Mexico_Barshis-Radice_Host_contig10232"
"218","Down",NA,"Siderastrea_Mexico_Barshis-Radice_Host_contig10258"
"219","Down",NA,"Siderastrea_Mexico_Barshis-Radice_Host_contig10346"
"220","Down",NA,"Siderastrea_Mexico_Barshis-Radice_Host_contig10389"
"221","Down",NA,"Siderastrea_Mexico_Barshis-Radice_Host_contig10406"
"222","Down",NA,"Siderastrea_Mexico_Barshis-Radice_Host_contig10478"
"223","Down",NA,"Siderastrea_Mexico_Barshis-Radice_Host_contig10514"
"224","Down",NA,"Siderastrea_Mexico_Barshis-Radice_Host_contig10527"
"225","Down",NA,"Siderastrea_Mexico_Barshis-Radice_Host_contig10529"
"226","Down",NA,"Siderastrea_Mexico_Barshis-Radice_Host_contig10547"
"227","Down",NA,"Siderastrea_Mexico_Barshis-Radice_Host_contig10604"
"228","Down",NA,"Siderastrea_Mexico_Barshis-Radice_Host_contig10616"
"229","Down",NA,"Siderastrea_Mexico_Barshis-Radice_Host_contig10624"
"230","Down",NA,"Siderastrea_Mexico_Barshis-Radice_Host_contig10676"
"231","Down",NA,"Siderastrea_Mexico_Barshis-Radice_Host_contig10707"
"232","Down",NA,"Siderastrea_Mexico_Barshis-Radice_Host_contig10752"
"233","Down",NA,"Siderastrea_Mexico_Barshis-Radice_Host_contig10883"
"234","Down",NA,"Siderastrea_Mexico_Barshis-Radice_Host_contig10926"
"235","Down",NA,"Siderastrea_Mexico_Barshis-Radice_Host_contig10937"
"236","Down",NA,"Siderastrea_Mexico_Barshis-Radice_Host_contig10956"
"237","Down",NA,"Siderastrea_Mexico_Barshis-Radice_Host_contig10980"
"238","Down",NA,"Siderastrea_Mexico_Barshis-Radice_Host_contig10998"
"239","Down",NA,"Siderastrea_Mexico_Barshis-Radice_Host_contig11008"
"240","Down",NA,"Siderastrea_Mexico_Barshis-Radice_Host_contig11032"
"241","Down",NA,"Siderastrea_Mexico_Barshis-Radice_Host_contig11091"
"242","Down",NA,"Siderastrea_Mexico_Barshis-Radice_Host_contig11093"
"243","Down",NA,"Siderastrea_Mexico_Barshis-Radice_Host_contig11107"
"244","Down",NA,"Siderastrea_Mexico_Barshis-Radice_Host_contig11194"
"245","Down",NA,"Siderastrea_Mexico_Barshis-Radice_Host_contig11195"
"246","Down",NA,"Siderastrea_Mexico_Barshis-Radice_Host_contig11203"
"247","Down",NA,"Siderastrea_Mexico_Barshis-Radice_Host_contig11257"
"248","Down",NA,"Siderastrea_Mexico_Barshis-Radice_Host_contig11264"
"249","Down",NA,"Siderastrea_Mexico_Barshis-Radice_Host_contig11285"
"250","Down",NA,"Siderastrea_Mexico_Barshis-Radice_Host_contig11320"
"251","Down",NA,"Siderastrea_Mexico_Barshis-Radice_Host_contig11335"
"252","Down",NA,"Siderastrea_Mexico_Barshis-Radice_Host_contig11337"
"253","Down",NA,"Siderastrea_Mexico_Barshis-Radice_Host_contig11342"
"254","Down",NA,"Siderastrea_Mexico_Barshis-Radice_Host_contig11358"
"255","Down",NA,"Siderastrea_Mexico_Barshis-Radice_Host_contig11454"
"256","Down",NA,"Siderastrea_Mexico_Barshis-Radice_Host_contig11461"
"257","Down",NA,"Siderastrea_Mexico_Barshis-Radice_Host_contig11468"
"258","Down",NA,"Siderastrea_Mexico_Barshis-Radice_Host_contig11519"
"259","Down",NA,"Siderastrea_Mexico_Barshis-Radice_Host_contig11520"
"260","Down",NA,"Siderastrea_Mexico_Barshis-Radice_Host_contig11556"
"261","Down",NA,"Siderastrea_Mexico_Barshis-Radice_Host_contig11646"
"262","Down",NA,"Siderastrea_Mexico_Barshis-Radice_Host_contig11650"
"263","Down",NA,"Siderastrea_Mexico_Barshis-Radice_Host_contig11695"
"264","Down",NA,"Siderastrea_Mexico_Barshis-Radice_Host_contig11725"
"265","Down",NA,"Siderastrea_Mexico_Barshis-Radice_Host_contig11729"
"266","Down",NA,"Siderastrea_Mexico_Barshis-Radice_Host_contig11746"
"267","Down",NA,"Siderastrea_Mexico_Barshis-Radice_Host_contig11774"
"268","Down",NA,"Siderastrea_Mexico_Barshis-Radice_Host_contig11820"
"269","Down",NA,"Siderastrea_Mexico_Barshis-Radice_Host_contig11840"
"270","Down",NA,"Siderastrea_Mexico_Barshis-Radice_Host_contig11848"
"271","Down",NA,"Siderastrea_Mexico_Barshis-Radice_Host_contig11920"
"272","Down",NA,"Siderastrea_Mexico_Barshis-Radice_Host_contig11947"
"273","Down",NA,"Siderastrea_Mexico_Barshis-Radice_Host_contig12063"
"274","Down",NA,"Siderastrea_Mexico_Barshis-Radice_Host_contig12068"
"275","Down",NA,"Siderastrea_Mexico_Barshis-Radice_Host_contig12069"
"276","Down",NA,"Siderastrea_Mexico_Barshis-Radice_Host_contig12105"
"277","Down",NA,"Siderastrea_Mexico_Barshis-Radice_Host_contig12171"
"278","Down",NA,"Siderastrea_Mexico_Barshis-Radice_Host_contig12271"
"279","Down",NA,"Siderastrea_Mexico_Barshis-Radice_Host_contig12280"
"280","Down",NA,"Siderastrea_Mexico_Barshis-Radice_Host_contig12294"
"281","Down",NA,"Siderastrea_Mexico_Barshis-Radice_Host_contig12324"
"282","Down",NA,"Siderastrea_Mexico_Barshis-Radice_Host_contig12339"
"283","Down",NA,"Siderastrea_Mexico_Barshis-Radice_Host_contig12343"
"284","Down",NA,"Siderastrea_Mexico_Barshis-Radice_Host_contig12350"
"285","Down",NA,"Siderastrea_Mexico_Barshis-Radice_Host_contig12387"
"286","Down",NA,"Siderastrea_Mexico_Barshis-Radice_Host_contig12403"
"287","Down",NA,"Siderastrea_Mexico_Barshis-Radice_Host_contig12422"
"288","Down",NA,"Siderastrea_Mexico_Barshis-Radice_Host_contig12426"
"289","Down",NA,"Siderastrea_Mexico_Barshis-Radice_Host_contig12435"
"290","Down",NA,"Siderastrea_Mexico_Barshis-Radice_Host_contig12450"
"291","Down",NA,"Siderastrea_Mexico_Barshis-Radice_Host_contig12516"
"292","Down",NA,"Siderastrea_Mexico_Barshis-Radice_Host_contig12542"
"293","Down",NA,"Siderastrea_Mexico_Barshis-Radice_Host_contig12547"
"294","Down",NA,"Siderastrea_Mexico_Barshis-Radice_Host_contig12591"
"295","Down",NA,"Siderastrea_Mexico_Barshis-Radice_Host_contig12706"
"296","Down",NA,"Siderastrea_Mexico_Barshis-Radice_Host_contig12808"
"297","Down",NA,"Siderastrea_Mexico_Barshis-Radice_Host_contig12848"
"298","Down",NA,"Siderastrea_Mexico_Barshis-Radice_Host_contig12877"
"299","Down",NA,"Siderastrea_Mexico_Barshis-Radice_Host_contig12901"
"300","Down",NA,"Siderastrea_Mexico_Barshis-Radice_Host_contig12904"
"301","Down",NA,"Siderastrea_Mexico_Barshis-Radice_Host_contig13065"
"302","Down",NA,"Siderastrea_Mexico_Barshis-Radice_Host_contig13124"
"303","Down",NA,"Siderastrea_Mexico_Barshis-Radice_Host_contig13131"
"304","Down",NA,"Siderastrea_Mexico_Barshis-Radice_Host_contig13158"
"305","Down",NA,"Siderastrea_Mexico_Barshis-Radice_Host_contig13226"
"306","Down",NA,"Siderastrea_Mexico_Barshis-Radice_Host_contig13237"
"307","Down",NA,"Siderastrea_Mexico_Barshis-Radice_Host_contig13240"
"308","Down",NA,"Siderastrea_Mexico_Barshis-Radice_Host_contig13282"
"309","Down",NA,"Siderastrea_Mexico_Barshis-Radice_Host_contig13403"
"310","Down",NA,"Siderastrea_Mexico_Barshis-Radice_Host_contig13421"
"311","Down",NA,"Siderastrea_Mexico_Barshis-Radice_Host_contig13437"
"312","Down",NA,"Siderastrea_Mexico_Barshis-Radice_Host_contig13581"
"313","Down",NA,"Siderastrea_Mexico_Barshis-Radice_Host_contig13585"
"314","Down",NA,"Siderastrea_Mexico_Barshis-Radice_Host_contig13635"
"315","Down",NA,"Siderastrea_Mexico_Barshis-Radice_Host_contig13786"
"316","Down",NA,"Siderastrea_Mexico_Barshis-Radice_Host_contig13876"
"317","Down",NA,"Siderastrea_Mexico_Barshis-Radice_Host_contig13890"
"318","Down",NA,"Siderastrea_Mexico_Barshis-Radice_Host_contig13910"
"319","Down",NA,"Siderastrea_Mexico_Barshis-Radice_Host_contig13991"
"320","Down",NA,"Siderastrea_Mexico_Barshis-Radice_Host_contig13992"
"321","Down",NA,"Siderastrea_Mexico_Barshis-Radice_Host_contig14008"
"322","Down",NA,"Siderastrea_Mexico_Barshis-Radice_Host_contig14022"
"323","Down",NA,"Siderastrea_Mexico_Barshis-Radice_Host_contig14024"
"324","Down",NA,"Siderastrea_Mexico_Barshis-Radice_Host_contig14045"
"325","Down",NA,"Siderastrea_Mexico_Barshis-Radice_Host_contig14073"
"326","Down",NA,"Siderastrea_Mexico_Barshis-Radice_Host_contig14083"
"327","Down",NA,"Siderastrea_Mexico_Barshis-Radice_Host_contig14110"
"328","Down",NA,"Siderastrea_Mexico_Barshis-Radice_Host_contig14121"
"329","Down",NA,"Siderastrea_Mexico_Barshis-Radice_Host_contig14157"
"330","Down",NA,"Siderastrea_Mexico_Barshis-Radice_Host_contig14160"
"331","Down",NA,"Siderastrea_Mexico_Barshis-Radice_Host_contig14166"
"332","Down",NA,"Siderastrea_Mexico_Barshis-Radice_Host_contig14183"
"333","Down",NA,"Siderastrea_Mexico_Barshis-Radice_Host_contig14293"
"334","Down",NA,"Siderastrea_Mexico_Barshis-Radice_Host_contig14298"
"335","Down",NA,"Siderastrea_Mexico_Barshis-Radice_Host_contig14330"
"336","Down",NA,"Siderastrea_Mexico_Barshis-Radice_Host_contig14384"
"337","Down",NA,"Siderastrea_Mexico_Barshis-Radice_Host_contig14393"
"338","Down",NA,"Siderastrea_Mexico_Barshis-Radice_Host_contig14465"
"339","Down",NA,"Siderastrea_Mexico_Barshis-Radice_Host_contig14477"
"340","Down",NA,"Siderastrea_Mexico_Barshis-Radice_Host_contig14478"
"341","Down",NA,"Siderastrea_Mexico_Barshis-Radice_Host_contig14548"
"342","Down",NA,"Siderastrea_Mexico_Barshis-Radice_Host_contig14643"
"343","Down",NA,"Siderastrea_Mexico_Barshis-Radice_Host_contig14659"
"344","Down",NA,"Siderastrea_Mexico_Barshis-Radice_Host_contig14687"
"345","Down",NA,"Siderastrea_Mexico_Barshis-Radice_Host_contig14725"
"346","Down",NA,"Siderastrea_Mexico_Barshis-Radice_Host_contig14761"
"347","Down",NA,"Siderastrea_Mexico_Barshis-Radice_Host_contig14800"
"348","Down",NA,"Siderastrea_Mexico_Barshis-Radice_Host_contig14805"
"349","Down",NA,"Siderastrea_Mexico_Barshis-Radice_Host_contig14813"
"350","Down",NA,"Siderastrea_Mexico_Barshis-Radice_Host_contig14820"
"351","Down",NA,"Siderastrea_Mexico_Barshis-Radice_Host_contig14869"
"352","Down",NA,"Siderastrea_Mexico_Barshis-Radice_Host_contig14961"
"353","Down",NA,"Siderastrea_Mexico_Barshis-Radice_Host_contig14973"
"354","Down",NA,"Siderastrea_Mexico_Barshis-Radice_Host_contig14990"
"355","Down",NA,"Siderastrea_Mexico_Barshis-Radice_Host_contig14991"
"356","Down",NA,"Siderastrea_Mexico_Barshis-Radice_Host_contig15097"
"357","Down",NA,"Siderastrea_Mexico_Barshis-Radice_Host_contig15099"
"358","Down",NA,"Siderastrea_Mexico_Barshis-Radice_Host_contig15111"
"359","Down",NA,"Siderastrea_Mexico_Barshis-Radice_Host_contig15112"
"360","Down",NA,"Siderastrea_Mexico_Barshis-Radice_Host_contig15219"
"361","Down",NA,"Siderastrea_Mexico_Barshis-Radice_Host_contig15333"
"362","Down",NA,"Siderastrea_Mexico_Barshis-Radice_Host_contig15346"
"363","Down",NA,"Siderastrea_Mexico_Barshis-Radice_Host_contig15398"
"364","Down",NA,"Siderastrea_Mexico_Barshis-Radice_Host_contig15416"
"365","Down",NA,"Siderastrea_Mexico_Barshis-Radice_Host_contig15430"
"366","Down",NA,"Siderastrea_Mexico_Barshis-Radice_Host_contig15451"
"367","Down",NA,"Siderastrea_Mexico_Barshis-Radice_Host_contig15466"
"368","Down",NA,"Siderastrea_Mexico_Barshis-Radice_Host_contig15473"
"369","Down",NA,"Siderastrea_Mexico_Barshis-Radice_Host_contig15514"
"370","Down",NA,"Siderastrea_Mexico_Barshis-Radice_Host_contig15560"
"371","Down",NA,"Siderastrea_Mexico_Barshis-Radice_Host_contig15619"
"372","Down",NA,"Siderastrea_Mexico_Barshis-Radice_Host_contig15625"
"373","Down",NA,"Siderastrea_Mexico_Barshis-Radice_Host_contig15639"
"374","Down",NA,"Siderastrea_Mexico_Barshis-Radice_Host_contig15698"
"375","Down",NA,"Siderastrea_Mexico_Barshis-Radice_Host_contig15713"
"376","Down",NA,"Siderastrea_Mexico_Barshis-Radice_Host_contig15773"
"377","Down",NA,"Siderastrea_Mexico_Barshis-Radice_Host_contig15785"
"378","Down",NA,"Siderastrea_Mexico_Barshis-Radice_Host_contig15803"
"379","Down",NA,"Siderastrea_Mexico_Barshis-Radice_Host_contig15817"
"380","Down",NA,"Siderastrea_Mexico_Barshis-Radice_Host_contig15825"
"381","Down",NA,"Siderastrea_Mexico_Barshis-Radice_Host_contig15849"
"382","Down",NA,"Siderastrea_Mexico_Barshis-Radice_Host_contig15857"
"383","Down",NA,"Siderastrea_Mexico_Barshis-Radice_Host_contig15865"
"384","Down",NA,"Siderastrea_Mexico_Barshis-Radice_Host_contig15896"
"385","Down",NA,"Siderastrea_Mexico_Barshis-Radice_Host_contig15928"
"386","Down",NA,"Siderastrea_Mexico_Barshis-Radice_Host_contig15931"
"387","Down",NA,"Siderastrea_Mexico_Barshis-Radice_Host_contig15970"
"388","Down",NA,"Siderastrea_Mexico_Barshis-Radice_Host_contig15982"
"389","Down",NA,"Siderastrea_Mexico_Barshis-Radice_Host_contig16030"
"390","Down",NA,"Siderastrea_Mexico_Barshis-Radice_Host_contig16153"
"391","Down",NA,"Siderastrea_Mexico_Barshis-Radice_Host_contig16216"
"392","Down",NA,"Siderastrea_Mexico_Barshis-Radice_Host_contig16246"
"393","Down",NA,"Siderastrea_Mexico_Barshis-Radice_Host_contig16360"
"394","Down",NA,"Siderastrea_Mexico_Barshis-Radice_Host_contig16438"
"395","Down",NA,"Siderastrea_Mexico_Barshis-Radice_Host_contig16446"
"396","Down",NA,"Siderastrea_Mexico_Barshis-Radice_Host_contig16484"
"397","Down",NA,"Siderastrea_Mexico_Barshis-Radice_Host_contig16489"
"398","Down",NA,"Siderastrea_Mexico_Barshis-Radice_Host_contig16518"
"399","Down",NA,"Siderastrea_Mexico_Barshis-Radice_Host_contig16536"
"400","Down",NA,"Siderastrea_Mexico_Barshis-Radice_Host_contig16609"
"401","Down",NA,"Siderastrea_Mexico_Barshis-Radice_Host_contig16769"
"402","Down",NA,"Siderastrea_Mexico_Barshis-Radice_Host_contig16802"
"403","Down",NA,"Siderastrea_Mexico_Barshis-Radice_Host_contig16812"
"404","Down",NA,"Siderastrea_Mexico_Barshis-Radice_Host_contig16819"
"405","Down",NA,"Siderastrea_Mexico_Barshis-Radice_Host_contig16873"
"406","Down",NA,"Siderastrea_Mexico_Barshis-Radice_Host_contig16936"
"407","Down",NA,"Siderastrea_Mexico_Barshis-Radice_Host_contig16956"
"408","Down",NA,"Siderastrea_Mexico_Barshis-Radice_Host_contig16958"
"409","Down",NA,"Siderastrea_Mexico_Barshis-Radice_Host_contig16988"
"410","Down",NA,"Siderastrea_Mexico_Barshis-Radice_Host_contig17023"
"411","Down",NA,"Siderastrea_Mexico_Barshis-Radice_Host_contig17109"
"412","Down",NA,"Siderastrea_Mexico_Barshis-Radice_Host_contig17121"
"413","Down",NA,"Siderastrea_Mexico_Barshis-Radice_Host_contig17136"
"414","Down",NA,"Siderastrea_Mexico_Barshis-Radice_Host_contig17153"
"415","Down",NA,"Siderastrea_Mexico_Barshis-Radice_Host_contig17226"
"416","Down",NA,"Siderastrea_Mexico_Barshis-Radice_Host_contig17228"
"417","Down",NA,"Siderastrea_Mexico_Barshis-Radice_Host_contig17242"
"418","Down",NA,"Siderastrea_Mexico_Barshis-Radice_Host_contig17373"
"419","Down",NA,"Siderastrea_Mexico_Barshis-Radice_Host_contig17374"
"420","Down",NA,"Siderastrea_Mexico_Barshis-Radice_Host_contig17407"
"421","Down",NA,"Siderastrea_Mexico_Barshis-Radice_Host_contig17416"
"422","Down",NA,"Siderastrea_Mexico_Barshis-Radice_Host_contig17444"
"423","Down",NA,"Siderastrea_Mexico_Barshis-Radice_Host_contig17456"
"424","Down",NA,"Siderastrea_Mexico_Barshis-Radice_Host_contig17486"
"425","Down",NA,"Siderastrea_Mexico_Barshis-Radice_Host_contig17520"
"426","Down",NA,"Siderastrea_Mexico_Barshis-Radice_Host_contig17521"
"427","Down",NA,"Siderastrea_Mexico_Barshis-Radice_Host_contig17525"
"428","Down",NA,"Siderastrea_Mexico_Barshis-Radice_Host_contig17526"
"429","Down",NA,"Siderastrea_Mexico_Barshis-Radice_Host_contig17584"
"430","Down",NA,"Siderastrea_Mexico_Barshis-Radice_Host_contig17601"
"431","Down",NA,"Siderastrea_Mexico_Barshis-Radice_Host_contig17633"
"432","Down",NA,"Siderastrea_Mexico_Barshis-Radice_Host_contig17716"
"433","Down",NA,"Siderastrea_Mexico_Barshis-Radice_Host_contig17868"
"434","Down",NA,"Siderastrea_Mexico_Barshis-Radice_Host_contig18066"
"435","Down",NA,"Siderastrea_Mexico_Barshis-Radice_Host_contig18069"
"436","Down",NA,"Siderastrea_Mexico_Barshis-Radice_Host_contig18096"
"437","Down",NA,"Siderastrea_Mexico_Barshis-Radice_Host_contig18162"
"438","Down",NA,"Siderastrea_Mexico_Barshis-Radice_Host_contig18168"
"439","Down",NA,"Siderastrea_Mexico_Barshis-Radice_Host_contig18226"
"440","Down",NA,"Siderastrea_Mexico_Barshis-Radice_Host_contig18231"
"441","Down",NA,"Siderastrea_Mexico_Barshis-Radice_Host_contig18263"
"442","Down",NA,"Siderastrea_Mexico_Barshis-Radice_Host_contig18270"
"443","Down",NA,"Siderastrea_Mexico_Barshis-Radice_Host_contig18274"
"444","Down",NA,"Siderastrea_Mexico_Barshis-Radice_Host_contig18365"
"445","Down",NA,"Siderastrea_Mexico_Barshis-Radice_Host_contig18469"
"446","Down",NA,"Siderastrea_Mexico_Barshis-Radice_Host_contig18503"
"447","Down",NA,"Siderastrea_Mexico_Barshis-Radice_Host_contig18538"
"448","Down",NA,"Siderastrea_Mexico_Barshis-Radice_Host_contig18560"
"449","Down",NA,"Siderastrea_Mexico_Barshis-Radice_Host_contig18581"
"450","Down",NA,"Siderastrea_Mexico_Barshis-Radice_Host_contig18586"
"451","Down",NA,"Siderastrea_Mexico_Barshis-Radice_Host_contig18588"
"452","Down",NA,"Siderastrea_Mexico_Barshis-Radice_Host_contig18675"
"453","Down",NA,"Siderastrea_Mexico_Barshis-Radice_Host_contig18688"
"454","Down",NA,"Siderastrea_Mexico_Barshis-Radice_Host_contig18704"
"455","Down",NA,"Siderastrea_Mexico_Barshis-Radice_Host_contig18717"
"456","Down",NA,"Siderastrea_Mexico_Barshis-Radice_Host_contig18746"
"457","Down",NA,"Siderastrea_Mexico_Barshis-Radice_Host_contig18858"
"458","Down",NA,"Siderastrea_Mexico_Barshis-Radice_Host_contig18940"
"459","Down",NA,"Siderastrea_Mexico_Barshis-Radice_Host_contig18944"
"460","Down",NA,"Siderastrea_Mexico_Barshis-Radice_Host_contig18954"
"461","Down",NA,"Siderastrea_Mexico_Barshis-Radice_Host_contig18960"
"462","Down",NA,"Siderastrea_Mexico_Barshis-Radice_Host_contig19033"
"463","Down",NA,"Siderastrea_Mexico_Barshis-Radice_Host_contig19065"
"464","Down",NA,"Siderastrea_Mexico_Barshis-Radice_Host_contig19109"
"465","Down",NA,"Siderastrea_Mexico_Barshis-Radice_Host_contig19116"
"466","Down",NA,"Siderastrea_Mexico_Barshis-Radice_Host_contig19143"
"467","Down",NA,"Siderastrea_Mexico_Barshis-Radice_Host_contig19164"
"468","Down",NA,"Siderastrea_Mexico_Barshis-Radice_Host_contig19174"
"469","Down",NA,"Siderastrea_Mexico_Barshis-Radice_Host_contig19234"
"470","Down",NA,"Siderastrea_Mexico_Barshis-Radice_Host_contig19243"
"471","Down",NA,"Siderastrea_Mexico_Barshis-Radice_Host_contig19268"
"472","Up","Siderastrea_Mexico_Barshis-Radice_Host_contig00136",NA
"473","Up","Siderastrea_Mexico_Barshis-Radice_Host_contig00139",NA
"474","Up","Siderastrea_Mexico_Barshis-Radice_Host_contig00225",NA
"475","Up","Siderastrea_Mexico_Barshis-Radice_Host_contig00381",NA
"476","Up","Siderastrea_Mexico_Barshis-Radice_Host_contig00535",NA
"477","Up","Siderastrea_Mexico_Barshis-Radice_Host_contig00624",NA
"478","Up","Siderastrea_Mexico_Barshis-Radice_Host_contig00626",NA
"479","Up","Siderastrea_Mexico_Barshis-Radice_Host_contig00790",NA
"480","Up","Siderastrea_Mexico_Barshis-Radice_Host_contig00798",NA
"481","Up","Siderastrea_Mexico_Barshis-Radice_Host_contig01097",NA
"482","Up","Siderastrea_Mexico_Barshis-Radice_Host_contig01100",NA
"483","Up","Siderastrea_Mexico_Barshis-Radice_Host_contig01137",NA
"484","Up","Siderastrea_Mexico_Barshis-Radice_Host_contig01252",NA
"485","Up","Siderastrea_Mexico_Barshis-Radice_Host_contig01253",NA
"486","Up","Siderastrea_Mexico_Barshis-Radice_Host_contig01258",NA
"487","Up","Siderastrea_Mexico_Barshis-Radice_Host_contig01343",NA
"488","Up","Siderastrea_Mexico_Barshis-Radice_Host_contig01543",NA
"489","Up","Siderastrea_Mexico_Barshis-Radice_Host_contig01644",NA
"490","Up","Siderastrea_Mexico_Barshis-Radice_Host_contig01678",NA
"491","Up","Siderastrea_Mexico_Barshis-Radice_Host_contig01845",NA
"492","Up","Siderastrea_Mexico_Barshis-Radice_Host_contig01968",NA
"493","Up","Siderastrea_Mexico_Barshis-Radice_Host_contig02011",NA
"494","Up","Siderastrea_Mexico_Barshis-Radice_Host_contig02254",NA
"495","Up","Siderastrea_Mexico_Barshis-Radice_Host_contig02484",NA
"496","Up","Siderastrea_Mexico_Barshis-Radice_Host_contig02547",NA
"497","Up","Siderastrea_Mexico_Barshis-Radice_Host_contig02621",NA
"498","Up","Siderastrea_Mexico_Barshis-Radice_Host_contig02806",NA
"499","Up","Siderastrea_Mexico_Barshis-Radice_Host_contig02900",NA
"500","Up","Siderastrea_Mexico_Barshis-Radice_Host_contig03068",NA
"501","Up","Siderastrea_Mexico_Barshis-Radice_Host_contig03123",NA
"502","Up","Siderastrea_Mexico_Barshis-Radice_Host_contig03148",NA
"503","Up","Siderastrea_Mexico_Barshis-Radice_Host_contig03231",NA
"504","Up","Siderastrea_Mexico_Barshis-Radice_Host_contig03332",NA
"505","Up","Siderastrea_Mexico_Barshis-Radice_Host_contig03386",NA
"506","Up","Siderastrea_Mexico_Barshis-Radice_Host_contig03414",NA
"507","Up","Siderastrea_Mexico_Barshis-Radice_Host_contig03415",NA
"508","Up","Siderastrea_Mexico_Barshis-Radice_Host_contig03506",NA
"509","Up","Siderastrea_Mexico_Barshis-Radice_Host_contig03519",NA
"510","Up","Siderastrea_Mexico_Barshis-Radice_Host_contig03590",NA
"511","Up","Siderastrea_Mexico_Barshis-Radice_Host_contig03746",NA
"512","Up","Siderastrea_Mexico_Barshis-Radice_Host_contig03855",NA
"513","Up","Siderastrea_Mexico_Barshis-Radice_Host_contig03880",NA
"514","Up","Siderastrea_Mexico_Barshis-Radice_Host_contig03976",NA
"515","Up","Siderastrea_Mexico_Barshis-Radice_Host_contig04088",NA
"516","Up","Siderastrea_Mexico_Barshis-Radice_Host_contig04437",NA
"517","Up","Siderastrea_Mexico_Barshis-Radice_Host_contig04541",NA
"518","Up","Siderastrea_Mexico_Barshis-Radice_Host_contig04691",NA
"519","Up","Siderastrea_Mexico_Barshis-Radice_Host_contig04793",NA
"520","Up","Siderastrea_Mexico_Barshis-Radice_Host_contig04984",NA
"521","Up","Siderastrea_Mexico_Barshis-Radice_Host_contig04985",NA
"522","Up","Siderastrea_Mexico_Barshis-Radice_Host_contig05049",NA
"523","Up","Siderastrea_Mexico_Barshis-Radice_Host_contig05140",NA
"524","Up","Siderastrea_Mexico_Barshis-Radice_Host_contig05249",NA
"525","Up","Siderastrea_Mexico_Barshis-Radice_Host_contig05297",NA
"526","Up","Siderastrea_Mexico_Barshis-Radice_Host_contig05315",NA
"527","Up","Siderastrea_Mexico_Barshis-Radice_Host_contig06102",NA
"528","Up","Siderastrea_Mexico_Barshis-Radice_Host_contig06122",NA
"529","Up","Siderastrea_Mexico_Barshis-Radice_Host_contig06130",NA
"530","Up","Siderastrea_Mexico_Barshis-Radice_Host_contig06171",NA
"531","Up","Siderastrea_Mexico_Barshis-Radice_Host_contig06240",NA
"532","Up","Siderastrea_Mexico_Barshis-Radice_Host_contig06269",NA
"533","Up","Siderastrea_Mexico_Barshis-Radice_Host_contig06419",NA
"534","Up","Siderastrea_Mexico_Barshis-Radice_Host_contig06461",NA
"535","Up","Siderastrea_Mexico_Barshis-Radice_Host_contig06628",NA
"536","Up","Siderastrea_Mexico_Barshis-Radice_Host_contig06676",NA
"537","Up","Siderastrea_Mexico_Barshis-Radice_Host_contig06694",NA
"538","Up","Siderastrea_Mexico_Barshis-Radice_Host_contig06707",NA
"539","Up","Siderastrea_Mexico_Barshis-Radice_Host_contig06777",NA
"540","Up","Siderastrea_Mexico_Barshis-Radice_Host_contig06802",NA
"541","Up","Siderastrea_Mexico_Barshis-Radice_Host_contig07241",NA
"542","Up","Siderastrea_Mexico_Barshis-Radice_Host_contig07270",NA
"543","Up","Siderastrea_Mexico_Barshis-Radice_Host_contig07425",NA
"544","Up","Siderastrea_Mexico_Barshis-Radice_Host_contig07544",NA
"545","Up","Siderastrea_Mexico_Barshis-Radice_Host_contig07613",NA
"546","Up","Siderastrea_Mexico_Barshis-Radice_Host_contig07632",NA
"547","Up","Siderastrea_Mexico_Barshis-Radice_Host_contig07885",NA
"548","Up","Siderastrea_Mexico_Barshis-Radice_Host_contig08102",NA
"549","Up","Siderastrea_Mexico_Barshis-Radice_Host_contig08303",NA
"550","Up","Siderastrea_Mexico_Barshis-Radice_Host_contig08358",NA
"551","Up","Siderastrea_Mexico_Barshis-Radice_Host_contig08372",NA
"552","Up","Siderastrea_Mexico_Barshis-Radice_Host_contig08520",NA
"553","Up","Siderastrea_Mexico_Barshis-Radice_Host_contig08635",NA
"554","Up","Siderastrea_Mexico_Barshis-Radice_Host_contig08756",NA
"555","Up","Siderastrea_Mexico_Barshis-Radice_Host_contig08854",NA
"556","Up","Siderastrea_Mexico_Barshis-Radice_Host_contig08888",NA
"557","Up","Siderastrea_Mexico_Barshis-Radice_Host_contig08915",NA
"558","Up","Siderastrea_Mexico_Barshis-Radice_Host_contig09258",NA
"559","Up","Siderastrea_Mexico_Barshis-Radice_Host_contig09373",NA
"560","Up","Siderastrea_Mexico_Barshis-Radice_Host_contig09397",NA
"561","Up","Siderastrea_Mexico_Barshis-Radice_Host_contig09569",NA
"562","Up","Siderastrea_Mexico_Barshis-Radice_Host_contig09579",NA
"563","Up","Siderastrea_Mexico_Barshis-Radice_Host_contig09605",NA
"564","Up","Siderastrea_Mexico_Barshis-Radice_Host_contig09665",NA
"565","Up","Siderastrea_Mexico_Barshis-Radice_Host_contig09761",NA
"566","Up","Siderastrea_Mexico_Barshis-Radice_Host_contig09854",NA
"567","Up","Siderastrea_Mexico_Barshis-Radice_Host_contig09887",NA
"568","Up","Siderastrea_Mexico_Barshis-Radice_Host_contig09900",NA
"569","Up","Siderastrea_Mexico_Barshis-Radice_Host_contig10001",NA
"570","Up","Siderastrea_Mexico_Barshis-Radice_Host_contig10120",NA
"571","Up","Siderastrea_Mexico_Barshis-Radice_Host_contig10148",NA
"572","Up","Siderastrea_Mexico_Barshis-Radice_Host_contig10231",NA
"573","Up","Siderastrea_Mexico_Barshis-Radice_Host_contig10493",NA
"574","Up","Siderastrea_Mexico_Barshis-Radice_Host_contig10682",NA
"575","Up","Siderastrea_Mexico_Barshis-Radice_Host_contig10898",NA
"576","Up","Siderastrea_Mexico_Barshis-Radice_Host_contig10953",NA
"577","Up","Siderastrea_Mexico_Barshis-Radice_Host_contig11174",NA
"578","Up","Siderastrea_Mexico_Barshis-Radice_Host_contig11199",NA
"579","Up","Siderastrea_Mexico_Barshis-Radice_Host_contig11377",NA
"580","Up","Siderastrea_Mexico_Barshis-Radice_Host_contig11536",NA
"581","Up","Siderastrea_Mexico_Barshis-Radice_Host_contig11543",NA
"582","Up","Siderastrea_Mexico_Barshis-Radice_Host_contig11617",NA
"583","Up","Siderastrea_Mexico_Barshis-Radice_Host_contig12019",NA
"584","Up","Siderastrea_Mexico_Barshis-Radice_Host_contig12050",NA
"585","Up","Siderastrea_Mexico_Barshis-Radice_Host_contig12106",NA
"586","Up","Siderastrea_Mexico_Barshis-Radice_Host_contig12121",NA
"587","Up","Siderastrea_Mexico_Barshis-Radice_Host_contig12218",NA
"588","Up","Siderastrea_Mexico_Barshis-Radice_Host_contig12239",NA
"589","Up","Siderastrea_Mexico_Barshis-Radice_Host_contig12328",NA
"590","Up","Siderastrea_Mexico_Barshis-Radice_Host_contig12363",NA
"591","Up","Siderastrea_Mexico_Barshis-Radice_Host_contig12509",NA
"592","Up","Siderastrea_Mexico_Barshis-Radice_Host_contig12535",NA
"593","Up","Siderastrea_Mexico_Barshis-Radice_Host_contig12778",NA
"594","Up","Siderastrea_Mexico_Barshis-Radice_Host_contig12794",NA
"595","Up","Siderastrea_Mexico_Barshis-Radice_Host_contig13006",NA
"596","Up","Siderastrea_Mexico_Barshis-Radice_Host_contig13142",NA
"597","Up","Siderastrea_Mexico_Barshis-Radice_Host_contig13202",NA
"598","Up","Siderastrea_Mexico_Barshis-Radice_Host_contig13297",NA
"599","Up","Siderastrea_Mexico_Barshis-Radice_Host_contig13314",NA
"600","Up","Siderastrea_Mexico_Barshis-Radice_Host_contig13405",NA
"601","Up","Siderastrea_Mexico_Barshis-Radice_Host_contig13536",NA
"602","Up","Siderastrea_Mexico_Barshis-Radice_Host_contig13553",NA
"603","Up","Siderastrea_Mexico_Barshis-Radice_Host_contig13663",NA
"604","Up","Siderastrea_Mexico_Barshis-Radice_Host_contig13675",NA
"605","Up","Siderastrea_Mexico_Barshis-Radice_Host_contig13927",NA
"606","Up","Siderastrea_Mexico_Barshis-Radice_Host_contig14119",NA
"607","Up","Siderastrea_Mexico_Barshis-Radice_Host_contig14130",NA
"608","Up","Siderastrea_Mexico_Barshis-Radice_Host_contig14134",NA
"609","Up","Siderastrea_Mexico_Barshis-Radice_Host_contig14213",NA
"610","Up","Siderastrea_Mexico_Barshis-Radice_Host_contig14279",NA
"611","Up","Siderastrea_Mexico_Barshis-Radice_Host_contig14386",NA
"612","Up","Siderastrea_Mexico_Barshis-Radice_Host_contig14475",NA
"613","Up","Siderastrea_Mexico_Barshis-Radice_Host_contig14598",NA
"614","Up","Siderastrea_Mexico_Barshis-Radice_Host_contig14719",NA
"615","Up","Siderastrea_Mexico_Barshis-Radice_Host_contig14989",NA
"616","Up","Siderastrea_Mexico_Barshis-Radice_Host_contig15005",NA
"617","Up","Siderastrea_Mexico_Barshis-Radice_Host_contig15007",NA
"618","Up","Siderastrea_Mexico_Barshis-Radice_Host_contig15049",NA
"619","Up","Siderastrea_Mexico_Barshis-Radice_Host_contig15159",NA
"620","Up","Siderastrea_Mexico_Barshis-Radice_Host_contig15186",NA
"621","Up","Siderastrea_Mexico_Barshis-Radice_Host_contig15206",NA
"622","Up","Siderastrea_Mexico_Barshis-Radice_Host_contig15256",NA
"623","Up","Siderastrea_Mexico_Barshis-Radice_Host_contig15284",NA
"624","Up","Siderastrea_Mexico_Barshis-Radice_Host_contig15337",NA
"625","Up","Siderastrea_Mexico_Barshis-Radice_Host_contig15522",NA
"626","Up","Siderastrea_Mexico_Barshis-Radice_Host_contig16189",NA
"627","Up","Siderastrea_Mexico_Barshis-Radice_Host_contig16242",NA
"628","Up","Siderastrea_Mexico_Barshis-Radice_Host_contig16294",NA
"629","Up","Siderastrea_Mexico_Barshis-Radice_Host_contig16313",NA
"630","Up","Siderastrea_Mexico_Barshis-Radice_Host_contig16520",NA
"631","Up","Siderastrea_Mexico_Barshis-Radice_Host_contig16707",NA
"632","Up","Siderastrea_Mexico_Barshis-Radice_Host_contig16752",NA
"633","Up","Siderastrea_Mexico_Barshis-Radice_Host_contig16766",NA
"634","Up","Siderastrea_Mexico_Barshis-Radice_Host_contig17010",NA
"635","Up","Siderastrea_Mexico_Barshis-Radice_Host_contig17012",NA
"636","Up","Siderastrea_Mexico_Barshis-Radice_Host_contig17107",NA
"637","Up","Siderastrea_Mexico_Barshis-Radice_Host_contig17170",NA
"638","Up","Siderastrea_Mexico_Barshis-Radice_Host_contig17195",NA
"639","Up","Siderastrea_Mexico_Barshis-Radice_Host_contig17331",NA
"640","Up","Siderastrea_Mexico_Barshis-Radice_Host_contig17534",NA
"641","Up","Siderastrea_Mexico_Barshis-Radice_Host_contig17554",NA
"642","Up","Siderastrea_Mexico_Barshis-Radice_Host_contig17659",NA
"643","Up","Siderastrea_Mexico_Barshis-Radice_Host_contig17679",NA
"644","Up","Siderastrea_Mexico_Barshis-Radice_Host_contig18172",NA
"645","Up","Siderastrea_Mexico_Barshis-Radice_Host_contig18337",NA
"646","Up","Siderastrea_Mexico_Barshis-Radice_Host_contig18427",NA
"647","Up","Siderastrea_Mexico_Barshis-Radice_Host_contig18829",NA
"648","Up","Siderastrea_Mexico_Barshis-Radice_Host_contig19005",NA
"649","Up","Siderastrea_Mexico_Barshis-Radice_Host_contig19055",NA
"650","Up","Siderastrea_Mexico_Barshis-Radice_Host_contig19112",NA
"651","Up","Siderastrea_Mexico_Barshis-Radice_Host_contig19179",NA
