"","DEG","up.results_LC_RC_padj.1","down.results_LC_RC_padj.1"
"1","Down",NA,"Siderastrea_Mexico_Barshis-Radice_Host_contig00009"
"2","Down",NA,"Siderastrea_Mexico_Barshis-Radice_Host_contig00025"
"3","Down",NA,"Siderastrea_Mexico_Barshis-Radice_Host_contig00154"
"4","Down",NA,"Siderastrea_Mexico_Barshis-Radice_Host_contig00162"
"5","Down",NA,"Siderastrea_Mexico_Barshis-Radice_Host_contig00176"
"6","Down",NA,"Siderastrea_Mexico_Barshis-Radice_Host_contig00234"
"7","Down",NA,"Siderastrea_Mexico_Barshis-Radice_Host_contig00274"
"8","Down",NA,"Siderastrea_Mexico_Barshis-Radice_Host_contig00281"
"9","Down",NA,"Siderastrea_Mexico_Barshis-Radice_Host_contig00300"
"10","Down",NA,"Siderastrea_Mexico_Barshis-Radice_Host_contig00354"
"11","Down",NA,"Siderastrea_Mexico_Barshis-Radice_Host_contig00406"
"12","Down",NA,"Siderastrea_Mexico_Barshis-Radice_Host_contig00438"
"13","Down",NA,"Siderastrea_Mexico_Barshis-Radice_Host_contig00457"
"14","Down",NA,"Siderastrea_Mexico_Barshis-Radice_Host_contig00627"
"15","Down",NA,"Siderastrea_Mexico_Barshis-Radice_Host_contig00714"
"16","Down",NA,"Siderastrea_Mexico_Barshis-Radice_Host_contig00758"
"17","Down",NA,"Siderastrea_Mexico_Barshis-Radice_Host_contig00815"
"18","Down",NA,"Siderastrea_Mexico_Barshis-Radice_Host_contig00886"
"19","Down",NA,"Siderastrea_Mexico_Barshis-Radice_Host_contig00887"
"20","Down",NA,"Siderastrea_Mexico_Barshis-Radice_Host_contig00891"
"21","Down",NA,"Siderastrea_Mexico_Barshis-Radice_Host_contig00893"
"22","Down",NA,"Siderastrea_Mexico_Barshis-Radice_Host_contig00980"
"23","Down",NA,"Siderastrea_Mexico_Barshis-Radice_Host_contig01077"
"24","Down",NA,"Siderastrea_Mexico_Barshis-Radice_Host_contig01135"
"25","Down",NA,"Siderastrea_Mexico_Barshis-Radice_Host_contig01145"
"26","Down",NA,"Siderastrea_Mexico_Barshis-Radice_Host_contig01203"
"27","Down",NA,"Siderastrea_Mexico_Barshis-Radice_Host_contig01333"
"28","Down",NA,"Siderastrea_Mexico_Barshis-Radice_Host_contig01359"
"29","Down",NA,"Siderastrea_Mexico_Barshis-Radice_Host_contig01433"
"30","Down",NA,"Siderastrea_Mexico_Barshis-Radice_Host_contig01477"
"31","Down",NA,"Siderastrea_Mexico_Barshis-Radice_Host_contig01546"
"32","Down",NA,"Siderastrea_Mexico_Barshis-Radice_Host_contig01634"
"33","Down",NA,"Siderastrea_Mexico_Barshis-Radice_Host_contig01647"
"34","Down",NA,"Siderastrea_Mexico_Barshis-Radice_Host_contig01686"
"35","Down",NA,"Siderastrea_Mexico_Barshis-Radice_Host_contig01787"
"36","Down",NA,"Siderastrea_Mexico_Barshis-Radice_Host_contig01821"
"37","Down",NA,"Siderastrea_Mexico_Barshis-Radice_Host_contig01833"
"38","Down",NA,"Siderastrea_Mexico_Barshis-Radice_Host_contig01878"
"39","Down",NA,"Siderastrea_Mexico_Barshis-Radice_Host_contig01893"
"40","Down",NA,"Siderastrea_Mexico_Barshis-Radice_Host_contig01896"
"41","Down",NA,"Siderastrea_Mexico_Barshis-Radice_Host_contig02001"
"42","Down",NA,"Siderastrea_Mexico_Barshis-Radice_Host_contig02013"
"43","Down",NA,"Siderastrea_Mexico_Barshis-Radice_Host_contig02069"
"44","Down",NA,"Siderastrea_Mexico_Barshis-Radice_Host_contig02073"
"45","Down",NA,"Siderastrea_Mexico_Barshis-Radice_Host_contig02087"
"46","Down",NA,"Siderastrea_Mexico_Barshis-Radice_Host_contig02185"
"47","Down",NA,"Siderastrea_Mexico_Barshis-Radice_Host_contig02206"
"48","Down",NA,"Siderastrea_Mexico_Barshis-Radice_Host_contig02214"
"49","Down",NA,"Siderastrea_Mexico_Barshis-Radice_Host_contig02371"
"50","Down",NA,"Siderastrea_Mexico_Barshis-Radice_Host_contig02372"
"51","Down",NA,"Siderastrea_Mexico_Barshis-Radice_Host_contig02485"
"52","Down",NA,"Siderastrea_Mexico_Barshis-Radice_Host_contig02518"
"53","Down",NA,"Siderastrea_Mexico_Barshis-Radice_Host_contig02557"
"54","Down",NA,"Siderastrea_Mexico_Barshis-Radice_Host_contig02558"
"55","Down",NA,"Siderastrea_Mexico_Barshis-Radice_Host_contig02641"
"56","Down",NA,"Siderastrea_Mexico_Barshis-Radice_Host_contig02655"
"57","Down",NA,"Siderastrea_Mexico_Barshis-Radice_Host_contig02656"
"58","Down",NA,"Siderastrea_Mexico_Barshis-Radice_Host_contig02667"
"59","Down",NA,"Siderastrea_Mexico_Barshis-Radice_Host_contig02688"
"60","Down",NA,"Siderastrea_Mexico_Barshis-Radice_Host_contig02739"
"61","Down",NA,"Siderastrea_Mexico_Barshis-Radice_Host_contig02835"
"62","Down",NA,"Siderastrea_Mexico_Barshis-Radice_Host_contig02840"
"63","Down",NA,"Siderastrea_Mexico_Barshis-Radice_Host_contig02878"
"64","Down",NA,"Siderastrea_Mexico_Barshis-Radice_Host_contig02925"
"65","Down",NA,"Siderastrea_Mexico_Barshis-Radice_Host_contig03013"
"66","Down",NA,"Siderastrea_Mexico_Barshis-Radice_Host_contig03088"
"67","Down",NA,"Siderastrea_Mexico_Barshis-Radice_Host_contig03146"
"68","Down",NA,"Siderastrea_Mexico_Barshis-Radice_Host_contig03157"
"69","Down",NA,"Siderastrea_Mexico_Barshis-Radice_Host_contig03190"
"70","Down",NA,"Siderastrea_Mexico_Barshis-Radice_Host_contig03263"
"71","Down",NA,"Siderastrea_Mexico_Barshis-Radice_Host_contig03320"
"72","Down",NA,"Siderastrea_Mexico_Barshis-Radice_Host_contig03371"
"73","Down",NA,"Siderastrea_Mexico_Barshis-Radice_Host_contig03396"
"74","Down",NA,"Siderastrea_Mexico_Barshis-Radice_Host_contig03397"
"75","Down",NA,"Siderastrea_Mexico_Barshis-Radice_Host_contig03399"
"76","Down",NA,"Siderastrea_Mexico_Barshis-Radice_Host_contig03459"
"77","Down",NA,"Siderastrea_Mexico_Barshis-Radice_Host_contig03461"
"78","Down",NA,"Siderastrea_Mexico_Barshis-Radice_Host_contig03487"
"79","Down",NA,"Siderastrea_Mexico_Barshis-Radice_Host_contig03582"
"80","Down",NA,"Siderastrea_Mexico_Barshis-Radice_Host_contig03604"
"81","Down",NA,"Siderastrea_Mexico_Barshis-Radice_Host_contig03659"
"82","Down",NA,"Siderastrea_Mexico_Barshis-Radice_Host_contig03856"
"83","Down",NA,"Siderastrea_Mexico_Barshis-Radice_Host_contig03915"
"84","Down",NA,"Siderastrea_Mexico_Barshis-Radice_Host_contig03972"
"85","Down",NA,"Siderastrea_Mexico_Barshis-Radice_Host_contig04029"
"86","Down",NA,"Siderastrea_Mexico_Barshis-Radice_Host_contig04134"
"87","Down",NA,"Siderastrea_Mexico_Barshis-Radice_Host_contig04159"
"88","Down",NA,"Siderastrea_Mexico_Barshis-Radice_Host_contig04168"
"89","Down",NA,"Siderastrea_Mexico_Barshis-Radice_Host_contig04192"
"90","Down",NA,"Siderastrea_Mexico_Barshis-Radice_Host_contig04198"
"91","Down",NA,"Siderastrea_Mexico_Barshis-Radice_Host_contig04257"
"92","Down",NA,"Siderastrea_Mexico_Barshis-Radice_Host_contig04290"
"93","Down",NA,"Siderastrea_Mexico_Barshis-Radice_Host_contig04351"
"94","Down",NA,"Siderastrea_Mexico_Barshis-Radice_Host_contig04389"
"95","Down",NA,"Siderastrea_Mexico_Barshis-Radice_Host_contig04406"
"96","Down",NA,"Siderastrea_Mexico_Barshis-Radice_Host_contig04408"
"97","Down",NA,"Siderastrea_Mexico_Barshis-Radice_Host_contig04439"
"98","Down",NA,"Siderastrea_Mexico_Barshis-Radice_Host_contig04507"
"99","Down",NA,"Siderastrea_Mexico_Barshis-Radice_Host_contig04563"
"100","Down",NA,"Siderastrea_Mexico_Barshis-Radice_Host_contig04595"
"101","Down",NA,"Siderastrea_Mexico_Barshis-Radice_Host_contig04615"
"102","Down",NA,"Siderastrea_Mexico_Barshis-Radice_Host_contig04624"
"103","Down",NA,"Siderastrea_Mexico_Barshis-Radice_Host_contig04630"
"104","Down",NA,"Siderastrea_Mexico_Barshis-Radice_Host_contig04660"
"105","Down",NA,"Siderastrea_Mexico_Barshis-Radice_Host_contig04678"
"106","Down",NA,"Siderastrea_Mexico_Barshis-Radice_Host_contig04706"
"107","Down",NA,"Siderastrea_Mexico_Barshis-Radice_Host_contig04742"
"108","Down",NA,"Siderastrea_Mexico_Barshis-Radice_Host_contig04756"
"109","Down",NA,"Siderastrea_Mexico_Barshis-Radice_Host_contig04769"
"110","Down",NA,"Siderastrea_Mexico_Barshis-Radice_Host_contig04772"
"111","Down",NA,"Siderastrea_Mexico_Barshis-Radice_Host_contig04853"
"112","Down",NA,"Siderastrea_Mexico_Barshis-Radice_Host_contig04898"
"113","Down",NA,"Siderastrea_Mexico_Barshis-Radice_Host_contig04975"
"114","Down",NA,"Siderastrea_Mexico_Barshis-Radice_Host_contig05002"
"115","Down",NA,"Siderastrea_Mexico_Barshis-Radice_Host_contig05052"
"116","Down",NA,"Siderastrea_Mexico_Barshis-Radice_Host_contig05074"
"117","Down",NA,"Siderastrea_Mexico_Barshis-Radice_Host_contig05077"
"118","Down",NA,"Siderastrea_Mexico_Barshis-Radice_Host_contig05092"
"119","Down",NA,"Siderastrea_Mexico_Barshis-Radice_Host_contig05141"
"120","Down",NA,"Siderastrea_Mexico_Barshis-Radice_Host_contig05152"
"121","Down",NA,"Siderastrea_Mexico_Barshis-Radice_Host_contig05340"
"122","Down",NA,"Siderastrea_Mexico_Barshis-Radice_Host_contig05371"
"123","Down",NA,"Siderastrea_Mexico_Barshis-Radice_Host_contig05464"
"124","Down",NA,"Siderastrea_Mexico_Barshis-Radice_Host_contig05532"
"125","Down",NA,"Siderastrea_Mexico_Barshis-Radice_Host_contig05550"
"126","Down",NA,"Siderastrea_Mexico_Barshis-Radice_Host_contig05653"
"127","Down",NA,"Siderastrea_Mexico_Barshis-Radice_Host_contig05722"
"128","Down",NA,"Siderastrea_Mexico_Barshis-Radice_Host_contig05813"
"129","Down",NA,"Siderastrea_Mexico_Barshis-Radice_Host_contig05835"
"130","Down",NA,"Siderastrea_Mexico_Barshis-Radice_Host_contig05840"
"131","Down",NA,"Siderastrea_Mexico_Barshis-Radice_Host_contig05906"
"132","Down",NA,"Siderastrea_Mexico_Barshis-Radice_Host_contig05957"
"133","Down",NA,"Siderastrea_Mexico_Barshis-Radice_Host_contig06030"
"134","Down",NA,"Siderastrea_Mexico_Barshis-Radice_Host_contig06070"
"135","Down",NA,"Siderastrea_Mexico_Barshis-Radice_Host_contig06081"
"136","Down",NA,"Siderastrea_Mexico_Barshis-Radice_Host_contig06108"
"137","Down",NA,"Siderastrea_Mexico_Barshis-Radice_Host_contig06346"
"138","Down",NA,"Siderastrea_Mexico_Barshis-Radice_Host_contig06358"
"139","Down",NA,"Siderastrea_Mexico_Barshis-Radice_Host_contig06417"
"140","Down",NA,"Siderastrea_Mexico_Barshis-Radice_Host_contig06601"
"141","Down",NA,"Siderastrea_Mexico_Barshis-Radice_Host_contig06624"
"142","Down",NA,"Siderastrea_Mexico_Barshis-Radice_Host_contig06631"
"143","Down",NA,"Siderastrea_Mexico_Barshis-Radice_Host_contig06636"
"144","Down",NA,"Siderastrea_Mexico_Barshis-Radice_Host_contig06723"
"145","Down",NA,"Siderastrea_Mexico_Barshis-Radice_Host_contig06800"
"146","Down",NA,"Siderastrea_Mexico_Barshis-Radice_Host_contig06843"
"147","Down",NA,"Siderastrea_Mexico_Barshis-Radice_Host_contig06900"
"148","Down",NA,"Siderastrea_Mexico_Barshis-Radice_Host_contig06958"
"149","Down",NA,"Siderastrea_Mexico_Barshis-Radice_Host_contig07092"
"150","Down",NA,"Siderastrea_Mexico_Barshis-Radice_Host_contig07124"
"151","Down",NA,"Siderastrea_Mexico_Barshis-Radice_Host_contig07125"
"152","Down",NA,"Siderastrea_Mexico_Barshis-Radice_Host_contig07153"
"153","Down",NA,"Siderastrea_Mexico_Barshis-Radice_Host_contig07230"
"154","Down",NA,"Siderastrea_Mexico_Barshis-Radice_Host_contig07249"
"155","Down",NA,"Siderastrea_Mexico_Barshis-Radice_Host_contig07260"
"156","Down",NA,"Siderastrea_Mexico_Barshis-Radice_Host_contig07304"
"157","Down",NA,"Siderastrea_Mexico_Barshis-Radice_Host_contig07493"
"158","Down",NA,"Siderastrea_Mexico_Barshis-Radice_Host_contig07510"
"159","Down",NA,"Siderastrea_Mexico_Barshis-Radice_Host_contig07536"
"160","Down",NA,"Siderastrea_Mexico_Barshis-Radice_Host_contig07541"
"161","Down",NA,"Siderastrea_Mexico_Barshis-Radice_Host_contig07548"
"162","Down",NA,"Siderastrea_Mexico_Barshis-Radice_Host_contig07549"
"163","Down",NA,"Siderastrea_Mexico_Barshis-Radice_Host_contig07614"
"164","Down",NA,"Siderastrea_Mexico_Barshis-Radice_Host_contig07660"
"165","Down",NA,"Siderastrea_Mexico_Barshis-Radice_Host_contig07955"
"166","Down",NA,"Siderastrea_Mexico_Barshis-Radice_Host_contig08004"
"167","Down",NA,"Siderastrea_Mexico_Barshis-Radice_Host_contig08074"
"168","Down",NA,"Siderastrea_Mexico_Barshis-Radice_Host_contig08082"
"169","Down",NA,"Siderastrea_Mexico_Barshis-Radice_Host_contig08163"
"170","Down",NA,"Siderastrea_Mexico_Barshis-Radice_Host_contig08185"
"171","Down",NA,"Siderastrea_Mexico_Barshis-Radice_Host_contig08197"
"172","Down",NA,"Siderastrea_Mexico_Barshis-Radice_Host_contig08268"
"173","Down",NA,"Siderastrea_Mexico_Barshis-Radice_Host_contig08297"
"174","Down",NA,"Siderastrea_Mexico_Barshis-Radice_Host_contig08331"
"175","Down",NA,"Siderastrea_Mexico_Barshis-Radice_Host_contig08343"
"176","Down",NA,"Siderastrea_Mexico_Barshis-Radice_Host_contig08351"
"177","Down",NA,"Siderastrea_Mexico_Barshis-Radice_Host_contig08362"
"178","Down",NA,"Siderastrea_Mexico_Barshis-Radice_Host_contig08384"
"179","Down",NA,"Siderastrea_Mexico_Barshis-Radice_Host_contig08551"
"180","Down",NA,"Siderastrea_Mexico_Barshis-Radice_Host_contig08557"
"181","Down",NA,"Siderastrea_Mexico_Barshis-Radice_Host_contig08638"
"182","Down",NA,"Siderastrea_Mexico_Barshis-Radice_Host_contig08856"
"183","Down",NA,"Siderastrea_Mexico_Barshis-Radice_Host_contig08879"
"184","Down",NA,"Siderastrea_Mexico_Barshis-Radice_Host_contig08943"
"185","Down",NA,"Siderastrea_Mexico_Barshis-Radice_Host_contig08945"
"186","Down",NA,"Siderastrea_Mexico_Barshis-Radice_Host_contig08970"
"187","Down",NA,"Siderastrea_Mexico_Barshis-Radice_Host_contig09047"
"188","Down",NA,"Siderastrea_Mexico_Barshis-Radice_Host_contig09127"
"189","Down",NA,"Siderastrea_Mexico_Barshis-Radice_Host_contig09284"
"190","Down",NA,"Siderastrea_Mexico_Barshis-Radice_Host_contig09367"
"191","Down",NA,"Siderastrea_Mexico_Barshis-Radice_Host_contig09434"
"192","Down",NA,"Siderastrea_Mexico_Barshis-Radice_Host_contig09499"
"193","Down",NA,"Siderastrea_Mexico_Barshis-Radice_Host_contig09566"
"194","Down",NA,"Siderastrea_Mexico_Barshis-Radice_Host_contig09583"
"195","Down",NA,"Siderastrea_Mexico_Barshis-Radice_Host_contig09664"
"196","Down",NA,"Siderastrea_Mexico_Barshis-Radice_Host_contig09786"
"197","Down",NA,"Siderastrea_Mexico_Barshis-Radice_Host_contig09789"
"198","Down",NA,"Siderastrea_Mexico_Barshis-Radice_Host_contig09802"
"199","Down",NA,"Siderastrea_Mexico_Barshis-Radice_Host_contig09821"
"200","Down",NA,"Siderastrea_Mexico_Barshis-Radice_Host_contig09836"
"201","Down",NA,"Siderastrea_Mexico_Barshis-Radice_Host_contig09910"
"202","Down",NA,"Siderastrea_Mexico_Barshis-Radice_Host_contig09981"
"203","Down",NA,"Siderastrea_Mexico_Barshis-Radice_Host_contig09986"
"204","Down",NA,"Siderastrea_Mexico_Barshis-Radice_Host_contig10161"
"205","Down",NA,"Siderastrea_Mexico_Barshis-Radice_Host_contig10174"
"206","Down",NA,"Siderastrea_Mexico_Barshis-Radice_Host_contig10187"
"207","Down",NA,"Siderastrea_Mexico_Barshis-Radice_Host_contig10315"
"208","Down",NA,"Siderastrea_Mexico_Barshis-Radice_Host_contig10374"
"209","Down",NA,"Siderastrea_Mexico_Barshis-Radice_Host_contig10387"
"210","Down",NA,"Siderastrea_Mexico_Barshis-Radice_Host_contig10527"
"211","Down",NA,"Siderastrea_Mexico_Barshis-Radice_Host_contig10529"
"212","Down",NA,"Siderastrea_Mexico_Barshis-Radice_Host_contig10588"
"213","Down",NA,"Siderastrea_Mexico_Barshis-Radice_Host_contig10590"
"214","Down",NA,"Siderastrea_Mexico_Barshis-Radice_Host_contig10596"
"215","Down",NA,"Siderastrea_Mexico_Barshis-Radice_Host_contig10647"
"216","Down",NA,"Siderastrea_Mexico_Barshis-Radice_Host_contig10666"
"217","Down",NA,"Siderastrea_Mexico_Barshis-Radice_Host_contig10832"
"218","Down",NA,"Siderastrea_Mexico_Barshis-Radice_Host_contig10868"
"219","Down",NA,"Siderastrea_Mexico_Barshis-Radice_Host_contig10904"
"220","Down",NA,"Siderastrea_Mexico_Barshis-Radice_Host_contig11091"
"221","Down",NA,"Siderastrea_Mexico_Barshis-Radice_Host_contig11093"
"222","Down",NA,"Siderastrea_Mexico_Barshis-Radice_Host_contig11265"
"223","Down",NA,"Siderastrea_Mexico_Barshis-Radice_Host_contig11269"
"224","Down",NA,"Siderastrea_Mexico_Barshis-Radice_Host_contig11316"
"225","Down",NA,"Siderastrea_Mexico_Barshis-Radice_Host_contig11352"
"226","Down",NA,"Siderastrea_Mexico_Barshis-Radice_Host_contig11370"
"227","Down",NA,"Siderastrea_Mexico_Barshis-Radice_Host_contig11395"
"228","Down",NA,"Siderastrea_Mexico_Barshis-Radice_Host_contig11494"
"229","Down",NA,"Siderastrea_Mexico_Barshis-Radice_Host_contig11521"
"230","Down",NA,"Siderastrea_Mexico_Barshis-Radice_Host_contig11527"
"231","Down",NA,"Siderastrea_Mexico_Barshis-Radice_Host_contig11534"
"232","Down",NA,"Siderastrea_Mexico_Barshis-Radice_Host_contig11556"
"233","Down",NA,"Siderastrea_Mexico_Barshis-Radice_Host_contig11561"
"234","Down",NA,"Siderastrea_Mexico_Barshis-Radice_Host_contig11564"
"235","Down",NA,"Siderastrea_Mexico_Barshis-Radice_Host_contig11612"
"236","Down",NA,"Siderastrea_Mexico_Barshis-Radice_Host_contig11629"
"237","Down",NA,"Siderastrea_Mexico_Barshis-Radice_Host_contig11650"
"238","Down",NA,"Siderastrea_Mexico_Barshis-Radice_Host_contig11724"
"239","Down",NA,"Siderastrea_Mexico_Barshis-Radice_Host_contig11727"
"240","Down",NA,"Siderastrea_Mexico_Barshis-Radice_Host_contig11748"
"241","Down",NA,"Siderastrea_Mexico_Barshis-Radice_Host_contig11752"
"242","Down",NA,"Siderastrea_Mexico_Barshis-Radice_Host_contig11820"
"243","Down",NA,"Siderastrea_Mexico_Barshis-Radice_Host_contig11831"
"244","Down",NA,"Siderastrea_Mexico_Barshis-Radice_Host_contig11863"
"245","Down",NA,"Siderastrea_Mexico_Barshis-Radice_Host_contig12004"
"246","Down",NA,"Siderastrea_Mexico_Barshis-Radice_Host_contig12018"
"247","Down",NA,"Siderastrea_Mexico_Barshis-Radice_Host_contig12041"
"248","Down",NA,"Siderastrea_Mexico_Barshis-Radice_Host_contig12069"
"249","Down",NA,"Siderastrea_Mexico_Barshis-Radice_Host_contig12103"
"250","Down",NA,"Siderastrea_Mexico_Barshis-Radice_Host_contig12108"
"251","Down",NA,"Siderastrea_Mexico_Barshis-Radice_Host_contig12125"
"252","Down",NA,"Siderastrea_Mexico_Barshis-Radice_Host_contig12161"
"253","Down",NA,"Siderastrea_Mexico_Barshis-Radice_Host_contig12192"
"254","Down",NA,"Siderastrea_Mexico_Barshis-Radice_Host_contig12225"
"255","Down",NA,"Siderastrea_Mexico_Barshis-Radice_Host_contig12292"
"256","Down",NA,"Siderastrea_Mexico_Barshis-Radice_Host_contig12305"
"257","Down",NA,"Siderastrea_Mexico_Barshis-Radice_Host_contig12309"
"258","Down",NA,"Siderastrea_Mexico_Barshis-Radice_Host_contig12324"
"259","Down",NA,"Siderastrea_Mexico_Barshis-Radice_Host_contig12361"
"260","Down",NA,"Siderastrea_Mexico_Barshis-Radice_Host_contig12368"
"261","Down",NA,"Siderastrea_Mexico_Barshis-Radice_Host_contig12369"
"262","Down",NA,"Siderastrea_Mexico_Barshis-Radice_Host_contig12375"
"263","Down",NA,"Siderastrea_Mexico_Barshis-Radice_Host_contig12428"
"264","Down",NA,"Siderastrea_Mexico_Barshis-Radice_Host_contig12479"
"265","Down",NA,"Siderastrea_Mexico_Barshis-Radice_Host_contig12485"
"266","Down",NA,"Siderastrea_Mexico_Barshis-Radice_Host_contig12494"
"267","Down",NA,"Siderastrea_Mexico_Barshis-Radice_Host_contig12526"
"268","Down",NA,"Siderastrea_Mexico_Barshis-Radice_Host_contig12671"
"269","Down",NA,"Siderastrea_Mexico_Barshis-Radice_Host_contig12693"
"270","Down",NA,"Siderastrea_Mexico_Barshis-Radice_Host_contig12743"
"271","Down",NA,"Siderastrea_Mexico_Barshis-Radice_Host_contig12805"
"272","Down",NA,"Siderastrea_Mexico_Barshis-Radice_Host_contig12809"
"273","Down",NA,"Siderastrea_Mexico_Barshis-Radice_Host_contig12848"
"274","Down",NA,"Siderastrea_Mexico_Barshis-Radice_Host_contig12877"
"275","Down",NA,"Siderastrea_Mexico_Barshis-Radice_Host_contig12926"
"276","Down",NA,"Siderastrea_Mexico_Barshis-Radice_Host_contig13059"
"277","Down",NA,"Siderastrea_Mexico_Barshis-Radice_Host_contig13121"
"278","Down",NA,"Siderastrea_Mexico_Barshis-Radice_Host_contig13133"
"279","Down",NA,"Siderastrea_Mexico_Barshis-Radice_Host_contig13270"
"280","Down",NA,"Siderastrea_Mexico_Barshis-Radice_Host_contig13276"
"281","Down",NA,"Siderastrea_Mexico_Barshis-Radice_Host_contig13351"
"282","Down",NA,"Siderastrea_Mexico_Barshis-Radice_Host_contig13437"
"283","Down",NA,"Siderastrea_Mexico_Barshis-Radice_Host_contig13590"
"284","Down",NA,"Siderastrea_Mexico_Barshis-Radice_Host_contig13727"
"285","Down",NA,"Siderastrea_Mexico_Barshis-Radice_Host_contig13755"
"286","Down",NA,"Siderastrea_Mexico_Barshis-Radice_Host_contig13779"
"287","Down",NA,"Siderastrea_Mexico_Barshis-Radice_Host_contig13784"
"288","Down",NA,"Siderastrea_Mexico_Barshis-Radice_Host_contig13798"
"289","Down",NA,"Siderastrea_Mexico_Barshis-Radice_Host_contig13857"
"290","Down",NA,"Siderastrea_Mexico_Barshis-Radice_Host_contig13875"
"291","Down",NA,"Siderastrea_Mexico_Barshis-Radice_Host_contig14073"
"292","Down",NA,"Siderastrea_Mexico_Barshis-Radice_Host_contig14083"
"293","Down",NA,"Siderastrea_Mexico_Barshis-Radice_Host_contig14109"
"294","Down",NA,"Siderastrea_Mexico_Barshis-Radice_Host_contig14171"
"295","Down",NA,"Siderastrea_Mexico_Barshis-Radice_Host_contig14276"
"296","Down",NA,"Siderastrea_Mexico_Barshis-Radice_Host_contig14303"
"297","Down",NA,"Siderastrea_Mexico_Barshis-Radice_Host_contig14318"
"298","Down",NA,"Siderastrea_Mexico_Barshis-Radice_Host_contig14378"
"299","Down",NA,"Siderastrea_Mexico_Barshis-Radice_Host_contig14452"
"300","Down",NA,"Siderastrea_Mexico_Barshis-Radice_Host_contig14478"
"301","Down",NA,"Siderastrea_Mexico_Barshis-Radice_Host_contig14484"
"302","Down",NA,"Siderastrea_Mexico_Barshis-Radice_Host_contig14522"
"303","Down",NA,"Siderastrea_Mexico_Barshis-Radice_Host_contig14545"
"304","Down",NA,"Siderastrea_Mexico_Barshis-Radice_Host_contig14548"
"305","Down",NA,"Siderastrea_Mexico_Barshis-Radice_Host_contig14557"
"306","Down",NA,"Siderastrea_Mexico_Barshis-Radice_Host_contig14612"
"307","Down",NA,"Siderastrea_Mexico_Barshis-Radice_Host_contig14620"
"308","Down",NA,"Siderastrea_Mexico_Barshis-Radice_Host_contig14709"
"309","Down",NA,"Siderastrea_Mexico_Barshis-Radice_Host_contig14716"
"310","Down",NA,"Siderastrea_Mexico_Barshis-Radice_Host_contig14725"
"311","Down",NA,"Siderastrea_Mexico_Barshis-Radice_Host_contig14732"
"312","Down",NA,"Siderastrea_Mexico_Barshis-Radice_Host_contig14746"
"313","Down",NA,"Siderastrea_Mexico_Barshis-Radice_Host_contig14758"
"314","Down",NA,"Siderastrea_Mexico_Barshis-Radice_Host_contig14815"
"315","Down",NA,"Siderastrea_Mexico_Barshis-Radice_Host_contig14826"
"316","Down",NA,"Siderastrea_Mexico_Barshis-Radice_Host_contig14918"
"317","Down",NA,"Siderastrea_Mexico_Barshis-Radice_Host_contig14935"
"318","Down",NA,"Siderastrea_Mexico_Barshis-Radice_Host_contig14967"
"319","Down",NA,"Siderastrea_Mexico_Barshis-Radice_Host_contig15001"
"320","Down",NA,"Siderastrea_Mexico_Barshis-Radice_Host_contig15088"
"321","Down",NA,"Siderastrea_Mexico_Barshis-Radice_Host_contig15153"
"322","Down",NA,"Siderastrea_Mexico_Barshis-Radice_Host_contig15223"
"323","Down",NA,"Siderastrea_Mexico_Barshis-Radice_Host_contig15234"
"324","Down",NA,"Siderastrea_Mexico_Barshis-Radice_Host_contig15314"
"325","Down",NA,"Siderastrea_Mexico_Barshis-Radice_Host_contig15324"
"326","Down",NA,"Siderastrea_Mexico_Barshis-Radice_Host_contig15330"
"327","Down",NA,"Siderastrea_Mexico_Barshis-Radice_Host_contig15405"
"328","Down",NA,"Siderastrea_Mexico_Barshis-Radice_Host_contig15430"
"329","Down",NA,"Siderastrea_Mexico_Barshis-Radice_Host_contig15511"
"330","Down",NA,"Siderastrea_Mexico_Barshis-Radice_Host_contig15525"
"331","Down",NA,"Siderastrea_Mexico_Barshis-Radice_Host_contig15543"
"332","Down",NA,"Siderastrea_Mexico_Barshis-Radice_Host_contig15612"
"333","Down",NA,"Siderastrea_Mexico_Barshis-Radice_Host_contig15614"
"334","Down",NA,"Siderastrea_Mexico_Barshis-Radice_Host_contig15653"
"335","Down",NA,"Siderastrea_Mexico_Barshis-Radice_Host_contig15683"
"336","Down",NA,"Siderastrea_Mexico_Barshis-Radice_Host_contig15752"
"337","Down",NA,"Siderastrea_Mexico_Barshis-Radice_Host_contig15951"
"338","Down",NA,"Siderastrea_Mexico_Barshis-Radice_Host_contig15961"
"339","Down",NA,"Siderastrea_Mexico_Barshis-Radice_Host_contig15967"
"340","Down",NA,"Siderastrea_Mexico_Barshis-Radice_Host_contig15991"
"341","Down",NA,"Siderastrea_Mexico_Barshis-Radice_Host_contig16056"
"342","Down",NA,"Siderastrea_Mexico_Barshis-Radice_Host_contig16079"
"343","Down",NA,"Siderastrea_Mexico_Barshis-Radice_Host_contig16094"
"344","Down",NA,"Siderastrea_Mexico_Barshis-Radice_Host_contig16185"
"345","Down",NA,"Siderastrea_Mexico_Barshis-Radice_Host_contig16200"
"346","Down",NA,"Siderastrea_Mexico_Barshis-Radice_Host_contig16209"
"347","Down",NA,"Siderastrea_Mexico_Barshis-Radice_Host_contig16236"
"348","Down",NA,"Siderastrea_Mexico_Barshis-Radice_Host_contig16354"
"349","Down",NA,"Siderastrea_Mexico_Barshis-Radice_Host_contig16356"
"350","Down",NA,"Siderastrea_Mexico_Barshis-Radice_Host_contig16360"
"351","Down",NA,"Siderastrea_Mexico_Barshis-Radice_Host_contig16534"
"352","Down",NA,"Siderastrea_Mexico_Barshis-Radice_Host_contig16597"
"353","Down",NA,"Siderastrea_Mexico_Barshis-Radice_Host_contig16603"
"354","Down",NA,"Siderastrea_Mexico_Barshis-Radice_Host_contig16710"
"355","Down",NA,"Siderastrea_Mexico_Barshis-Radice_Host_contig16753"
"356","Down",NA,"Siderastrea_Mexico_Barshis-Radice_Host_contig16819"
"357","Down",NA,"Siderastrea_Mexico_Barshis-Radice_Host_contig16868"
"358","Down",NA,"Siderastrea_Mexico_Barshis-Radice_Host_contig16888"
"359","Down",NA,"Siderastrea_Mexico_Barshis-Radice_Host_contig16936"
"360","Down",NA,"Siderastrea_Mexico_Barshis-Radice_Host_contig16953"
"361","Down",NA,"Siderastrea_Mexico_Barshis-Radice_Host_contig16969"
"362","Down",NA,"Siderastrea_Mexico_Barshis-Radice_Host_contig16980"
"363","Down",NA,"Siderastrea_Mexico_Barshis-Radice_Host_contig17006"
"364","Down",NA,"Siderastrea_Mexico_Barshis-Radice_Host_contig17032"
"365","Down",NA,"Siderastrea_Mexico_Barshis-Radice_Host_contig17076"
"366","Down",NA,"Siderastrea_Mexico_Barshis-Radice_Host_contig17105"
"367","Down",NA,"Siderastrea_Mexico_Barshis-Radice_Host_contig17228"
"368","Down",NA,"Siderastrea_Mexico_Barshis-Radice_Host_contig17260"
"369","Down",NA,"Siderastrea_Mexico_Barshis-Radice_Host_contig17300"
"370","Down",NA,"Siderastrea_Mexico_Barshis-Radice_Host_contig17304"
"371","Down",NA,"Siderastrea_Mexico_Barshis-Radice_Host_contig17320"
"372","Down",NA,"Siderastrea_Mexico_Barshis-Radice_Host_contig17381"
"373","Down",NA,"Siderastrea_Mexico_Barshis-Radice_Host_contig17421"
"374","Down",NA,"Siderastrea_Mexico_Barshis-Radice_Host_contig17481"
"375","Down",NA,"Siderastrea_Mexico_Barshis-Radice_Host_contig17507"
"376","Down",NA,"Siderastrea_Mexico_Barshis-Radice_Host_contig17511"
"377","Down",NA,"Siderastrea_Mexico_Barshis-Radice_Host_contig17512"
"378","Down",NA,"Siderastrea_Mexico_Barshis-Radice_Host_contig17601"
"379","Down",NA,"Siderastrea_Mexico_Barshis-Radice_Host_contig17730"
"380","Down",NA,"Siderastrea_Mexico_Barshis-Radice_Host_contig17733"
"381","Down",NA,"Siderastrea_Mexico_Barshis-Radice_Host_contig17767"
"382","Down",NA,"Siderastrea_Mexico_Barshis-Radice_Host_contig17857"
"383","Down",NA,"Siderastrea_Mexico_Barshis-Radice_Host_contig17866"
"384","Down",NA,"Siderastrea_Mexico_Barshis-Radice_Host_contig17873"
"385","Down",NA,"Siderastrea_Mexico_Barshis-Radice_Host_contig17904"
"386","Down",NA,"Siderastrea_Mexico_Barshis-Radice_Host_contig17939"
"387","Down",NA,"Siderastrea_Mexico_Barshis-Radice_Host_contig17946"
"388","Down",NA,"Siderastrea_Mexico_Barshis-Radice_Host_contig17985"
"389","Down",NA,"Siderastrea_Mexico_Barshis-Radice_Host_contig17986"
"390","Down",NA,"Siderastrea_Mexico_Barshis-Radice_Host_contig18036"
"391","Down",NA,"Siderastrea_Mexico_Barshis-Radice_Host_contig18077"
"392","Down",NA,"Siderastrea_Mexico_Barshis-Radice_Host_contig18105"
"393","Down",NA,"Siderastrea_Mexico_Barshis-Radice_Host_contig18144"
"394","Down",NA,"Siderastrea_Mexico_Barshis-Radice_Host_contig18209"
"395","Down",NA,"Siderastrea_Mexico_Barshis-Radice_Host_contig18231"
"396","Down",NA,"Siderastrea_Mexico_Barshis-Radice_Host_contig18282"
"397","Down",NA,"Siderastrea_Mexico_Barshis-Radice_Host_contig18328"
"398","Down",NA,"Siderastrea_Mexico_Barshis-Radice_Host_contig18353"
"399","Down",NA,"Siderastrea_Mexico_Barshis-Radice_Host_contig18365"
"400","Down",NA,"Siderastrea_Mexico_Barshis-Radice_Host_contig18490"
"401","Down",NA,"Siderastrea_Mexico_Barshis-Radice_Host_contig18493"
"402","Down",NA,"Siderastrea_Mexico_Barshis-Radice_Host_contig18525"
"403","Down",NA,"Siderastrea_Mexico_Barshis-Radice_Host_contig18534"
"404","Down",NA,"Siderastrea_Mexico_Barshis-Radice_Host_contig18555"
"405","Down",NA,"Siderastrea_Mexico_Barshis-Radice_Host_contig18560"
"406","Down",NA,"Siderastrea_Mexico_Barshis-Radice_Host_contig18561"
"407","Down",NA,"Siderastrea_Mexico_Barshis-Radice_Host_contig18576"
"408","Down",NA,"Siderastrea_Mexico_Barshis-Radice_Host_contig18581"
"409","Down",NA,"Siderastrea_Mexico_Barshis-Radice_Host_contig18634"
"410","Down",NA,"Siderastrea_Mexico_Barshis-Radice_Host_contig18669"
"411","Down",NA,"Siderastrea_Mexico_Barshis-Radice_Host_contig18699"
"412","Down",NA,"Siderastrea_Mexico_Barshis-Radice_Host_contig18833"
"413","Down",NA,"Siderastrea_Mexico_Barshis-Radice_Host_contig18837"
"414","Down",NA,"Siderastrea_Mexico_Barshis-Radice_Host_contig18843"
"415","Down",NA,"Siderastrea_Mexico_Barshis-Radice_Host_contig18884"
"416","Down",NA,"Siderastrea_Mexico_Barshis-Radice_Host_contig18890"
"417","Down",NA,"Siderastrea_Mexico_Barshis-Radice_Host_contig18907"
"418","Down",NA,"Siderastrea_Mexico_Barshis-Radice_Host_contig18982"
"419","Down",NA,"Siderastrea_Mexico_Barshis-Radice_Host_contig19003"
"420","Down",NA,"Siderastrea_Mexico_Barshis-Radice_Host_contig19071"
"421","Down",NA,"Siderastrea_Mexico_Barshis-Radice_Host_contig19130"
"422","Down",NA,"Siderastrea_Mexico_Barshis-Radice_Host_contig19159"
"423","Down",NA,"Siderastrea_Mexico_Barshis-Radice_Host_contig19166"
"424","Up","Siderastrea_Mexico_Barshis-Radice_Host_contig00202",NA
"425","Up","Siderastrea_Mexico_Barshis-Radice_Host_contig00213",NA
"426","Up","Siderastrea_Mexico_Barshis-Radice_Host_contig00471",NA
"427","Up","Siderastrea_Mexico_Barshis-Radice_Host_contig00501",NA
"428","Up","Siderastrea_Mexico_Barshis-Radice_Host_contig00834",NA
"429","Up","Siderastrea_Mexico_Barshis-Radice_Host_contig00883",NA
"430","Up","Siderastrea_Mexico_Barshis-Radice_Host_contig00899",NA
"431","Up","Siderastrea_Mexico_Barshis-Radice_Host_contig01006",NA
"432","Up","Siderastrea_Mexico_Barshis-Radice_Host_contig01133",NA
"433","Up","Siderastrea_Mexico_Barshis-Radice_Host_contig01300",NA
"434","Up","Siderastrea_Mexico_Barshis-Radice_Host_contig01325",NA
"435","Up","Siderastrea_Mexico_Barshis-Radice_Host_contig01389",NA
"436","Up","Siderastrea_Mexico_Barshis-Radice_Host_contig01582",NA
"437","Up","Siderastrea_Mexico_Barshis-Radice_Host_contig01619",NA
"438","Up","Siderastrea_Mexico_Barshis-Radice_Host_contig01700",NA
"439","Up","Siderastrea_Mexico_Barshis-Radice_Host_contig01845",NA
"440","Up","Siderastrea_Mexico_Barshis-Radice_Host_contig01886",NA
"441","Up","Siderastrea_Mexico_Barshis-Radice_Host_contig02011",NA
"442","Up","Siderastrea_Mexico_Barshis-Radice_Host_contig02230",NA
"443","Up","Siderastrea_Mexico_Barshis-Radice_Host_contig02254",NA
"444","Up","Siderastrea_Mexico_Barshis-Radice_Host_contig02545",NA
"445","Up","Siderastrea_Mexico_Barshis-Radice_Host_contig02743",NA
"446","Up","Siderastrea_Mexico_Barshis-Radice_Host_contig02929",NA
"447","Up","Siderastrea_Mexico_Barshis-Radice_Host_contig03208",NA
"448","Up","Siderastrea_Mexico_Barshis-Radice_Host_contig03279",NA
"449","Up","Siderastrea_Mexico_Barshis-Radice_Host_contig03385",NA
"450","Up","Siderastrea_Mexico_Barshis-Radice_Host_contig03478",NA
"451","Up","Siderastrea_Mexico_Barshis-Radice_Host_contig03518",NA
"452","Up","Siderastrea_Mexico_Barshis-Radice_Host_contig03616",NA
"453","Up","Siderastrea_Mexico_Barshis-Radice_Host_contig03643",NA
"454","Up","Siderastrea_Mexico_Barshis-Radice_Host_contig03737",NA
"455","Up","Siderastrea_Mexico_Barshis-Radice_Host_contig04129",NA
"456","Up","Siderastrea_Mexico_Barshis-Radice_Host_contig04566",NA
"457","Up","Siderastrea_Mexico_Barshis-Radice_Host_contig04613",NA
"458","Up","Siderastrea_Mexico_Barshis-Radice_Host_contig04690",NA
"459","Up","Siderastrea_Mexico_Barshis-Radice_Host_contig04876",NA
"460","Up","Siderastrea_Mexico_Barshis-Radice_Host_contig04919",NA
"461","Up","Siderastrea_Mexico_Barshis-Radice_Host_contig05021",NA
"462","Up","Siderastrea_Mexico_Barshis-Radice_Host_contig05284",NA
"463","Up","Siderastrea_Mexico_Barshis-Radice_Host_contig05300",NA
"464","Up","Siderastrea_Mexico_Barshis-Radice_Host_contig05314",NA
"465","Up","Siderastrea_Mexico_Barshis-Radice_Host_contig05814",NA
"466","Up","Siderastrea_Mexico_Barshis-Radice_Host_contig05892",NA
"467","Up","Siderastrea_Mexico_Barshis-Radice_Host_contig06147",NA
"468","Up","Siderastrea_Mexico_Barshis-Radice_Host_contig06240",NA
"469","Up","Siderastrea_Mexico_Barshis-Radice_Host_contig06321",NA
"470","Up","Siderastrea_Mexico_Barshis-Radice_Host_contig06339",NA
"471","Up","Siderastrea_Mexico_Barshis-Radice_Host_contig06419",NA
"472","Up","Siderastrea_Mexico_Barshis-Radice_Host_contig06873",NA
"473","Up","Siderastrea_Mexico_Barshis-Radice_Host_contig07081",NA
"474","Up","Siderastrea_Mexico_Barshis-Radice_Host_contig07182",NA
"475","Up","Siderastrea_Mexico_Barshis-Radice_Host_contig07250",NA
"476","Up","Siderastrea_Mexico_Barshis-Radice_Host_contig07300",NA
"477","Up","Siderastrea_Mexico_Barshis-Radice_Host_contig07311",NA
"478","Up","Siderastrea_Mexico_Barshis-Radice_Host_contig07425",NA
"479","Up","Siderastrea_Mexico_Barshis-Radice_Host_contig07511",NA
"480","Up","Siderastrea_Mexico_Barshis-Radice_Host_contig07628",NA
"481","Up","Siderastrea_Mexico_Barshis-Radice_Host_contig07708",NA
"482","Up","Siderastrea_Mexico_Barshis-Radice_Host_contig07901",NA
"483","Up","Siderastrea_Mexico_Barshis-Radice_Host_contig07990",NA
"484","Up","Siderastrea_Mexico_Barshis-Radice_Host_contig07998",NA
"485","Up","Siderastrea_Mexico_Barshis-Radice_Host_contig08014",NA
"486","Up","Siderastrea_Mexico_Barshis-Radice_Host_contig08049",NA
"487","Up","Siderastrea_Mexico_Barshis-Radice_Host_contig08057",NA
"488","Up","Siderastrea_Mexico_Barshis-Radice_Host_contig08172",NA
"489","Up","Siderastrea_Mexico_Barshis-Radice_Host_contig08267",NA
"490","Up","Siderastrea_Mexico_Barshis-Radice_Host_contig08450",NA
"491","Up","Siderastrea_Mexico_Barshis-Radice_Host_contig08635",NA
"492","Up","Siderastrea_Mexico_Barshis-Radice_Host_contig08678",NA
"493","Up","Siderastrea_Mexico_Barshis-Radice_Host_contig08756",NA
"494","Up","Siderastrea_Mexico_Barshis-Radice_Host_contig08910",NA
"495","Up","Siderastrea_Mexico_Barshis-Radice_Host_contig09346",NA
"496","Up","Siderastrea_Mexico_Barshis-Radice_Host_contig09373",NA
"497","Up","Siderastrea_Mexico_Barshis-Radice_Host_contig09382",NA
"498","Up","Siderastrea_Mexico_Barshis-Radice_Host_contig09433",NA
"499","Up","Siderastrea_Mexico_Barshis-Radice_Host_contig09665",NA
"500","Up","Siderastrea_Mexico_Barshis-Radice_Host_contig09713",NA
"501","Up","Siderastrea_Mexico_Barshis-Radice_Host_contig09872",NA
"502","Up","Siderastrea_Mexico_Barshis-Radice_Host_contig10045",NA
"503","Up","Siderastrea_Mexico_Barshis-Radice_Host_contig10144",NA
"504","Up","Siderastrea_Mexico_Barshis-Radice_Host_contig10153",NA
"505","Up","Siderastrea_Mexico_Barshis-Radice_Host_contig10236",NA
"506","Up","Siderastrea_Mexico_Barshis-Radice_Host_contig10241",NA
"507","Up","Siderastrea_Mexico_Barshis-Radice_Host_contig10519",NA
"508","Up","Siderastrea_Mexico_Barshis-Radice_Host_contig10602",NA
"509","Up","Siderastrea_Mexico_Barshis-Radice_Host_contig10797",NA
"510","Up","Siderastrea_Mexico_Barshis-Radice_Host_contig10896",NA
"511","Up","Siderastrea_Mexico_Barshis-Radice_Host_contig10988",NA
"512","Up","Siderastrea_Mexico_Barshis-Radice_Host_contig11000",NA
"513","Up","Siderastrea_Mexico_Barshis-Radice_Host_contig11072",NA
"514","Up","Siderastrea_Mexico_Barshis-Radice_Host_contig11299",NA
"515","Up","Siderastrea_Mexico_Barshis-Radice_Host_contig11317",NA
"516","Up","Siderastrea_Mexico_Barshis-Radice_Host_contig11676",NA
"517","Up","Siderastrea_Mexico_Barshis-Radice_Host_contig11728",NA
"518","Up","Siderastrea_Mexico_Barshis-Radice_Host_contig11778",NA
"519","Up","Siderastrea_Mexico_Barshis-Radice_Host_contig11796",NA
"520","Up","Siderastrea_Mexico_Barshis-Radice_Host_contig12071",NA
"521","Up","Siderastrea_Mexico_Barshis-Radice_Host_contig12218",NA
"522","Up","Siderastrea_Mexico_Barshis-Radice_Host_contig12690",NA
"523","Up","Siderastrea_Mexico_Barshis-Radice_Host_contig12738",NA
"524","Up","Siderastrea_Mexico_Barshis-Radice_Host_contig12862",NA
"525","Up","Siderastrea_Mexico_Barshis-Radice_Host_contig12980",NA
"526","Up","Siderastrea_Mexico_Barshis-Radice_Host_contig13259",NA
"527","Up","Siderastrea_Mexico_Barshis-Radice_Host_contig13332",NA
"528","Up","Siderastrea_Mexico_Barshis-Radice_Host_contig13349",NA
"529","Up","Siderastrea_Mexico_Barshis-Radice_Host_contig13476",NA
"530","Up","Siderastrea_Mexico_Barshis-Radice_Host_contig13553",NA
"531","Up","Siderastrea_Mexico_Barshis-Radice_Host_contig13602",NA
"532","Up","Siderastrea_Mexico_Barshis-Radice_Host_contig13624",NA
"533","Up","Siderastrea_Mexico_Barshis-Radice_Host_contig13663",NA
"534","Up","Siderastrea_Mexico_Barshis-Radice_Host_contig13668",NA
"535","Up","Siderastrea_Mexico_Barshis-Radice_Host_contig14113",NA
"536","Up","Siderastrea_Mexico_Barshis-Radice_Host_contig14180",NA
"537","Up","Siderastrea_Mexico_Barshis-Radice_Host_contig14306",NA
"538","Up","Siderastrea_Mexico_Barshis-Radice_Host_contig14458",NA
"539","Up","Siderastrea_Mexico_Barshis-Radice_Host_contig14932",NA
"540","Up","Siderastrea_Mexico_Barshis-Radice_Host_contig15080",NA
"541","Up","Siderastrea_Mexico_Barshis-Radice_Host_contig15092",NA
"542","Up","Siderastrea_Mexico_Barshis-Radice_Host_contig15114",NA
"543","Up","Siderastrea_Mexico_Barshis-Radice_Host_contig15201",NA
"544","Up","Siderastrea_Mexico_Barshis-Radice_Host_contig15565",NA
"545","Up","Siderastrea_Mexico_Barshis-Radice_Host_contig15922",NA
"546","Up","Siderastrea_Mexico_Barshis-Radice_Host_contig16031",NA
"547","Up","Siderastrea_Mexico_Barshis-Radice_Host_contig16077",NA
"548","Up","Siderastrea_Mexico_Barshis-Radice_Host_contig16112",NA
"549","Up","Siderastrea_Mexico_Barshis-Radice_Host_contig16119",NA
"550","Up","Siderastrea_Mexico_Barshis-Radice_Host_contig16252",NA
"551","Up","Siderastrea_Mexico_Barshis-Radice_Host_contig16707",NA
"552","Up","Siderastrea_Mexico_Barshis-Radice_Host_contig16780",NA
"553","Up","Siderastrea_Mexico_Barshis-Radice_Host_contig16918",NA
"554","Up","Siderastrea_Mexico_Barshis-Radice_Host_contig17491",NA
"555","Up","Siderastrea_Mexico_Barshis-Radice_Host_contig17590",NA
"556","Up","Siderastrea_Mexico_Barshis-Radice_Host_contig17680",NA
"557","Up","Siderastrea_Mexico_Barshis-Radice_Host_contig17917",NA
"558","Up","Siderastrea_Mexico_Barshis-Radice_Host_contig18192",NA
"559","Up","Siderastrea_Mexico_Barshis-Radice_Host_contig18341",NA
"560","Up","Siderastrea_Mexico_Barshis-Radice_Host_contig18382",NA
"561","Up","Siderastrea_Mexico_Barshis-Radice_Host_contig18452",NA
"562","Up","Siderastrea_Mexico_Barshis-Radice_Host_contig18515",NA
"563","Up","Siderastrea_Mexico_Barshis-Radice_Host_contig18548",NA
"564","Up","Siderastrea_Mexico_Barshis-Radice_Host_contig19148",NA
"565","Up","Siderastrea_Mexico_Barshis-Radice_Host_contig19236",NA
