"","DEG","up.results_OO_RC_padj.1","down.results_OO_RC_padj.1"
"1","Down",NA,"Siderastrea_Mexico_Barshis-Radice_Host_contig00025"
"2","Down",NA,"Siderastrea_Mexico_Barshis-Radice_Host_contig00091"
"3","Down",NA,"Siderastrea_Mexico_Barshis-Radice_Host_contig00147"
"4","Down",NA,"Siderastrea_Mexico_Barshis-Radice_Host_contig00154"
"5","Down",NA,"Siderastrea_Mexico_Barshis-Radice_Host_contig00184"
"6","Down",NA,"Siderastrea_Mexico_Barshis-Radice_Host_contig00249"
"7","Down",NA,"Siderastrea_Mexico_Barshis-Radice_Host_contig00274"
"8","Down",NA,"Siderastrea_Mexico_Barshis-Radice_Host_contig00289"
"9","Down",NA,"Siderastrea_Mexico_Barshis-Radice_Host_contig00294"
"10","Down",NA,"Siderastrea_Mexico_Barshis-Radice_Host_contig00300"
"11","Down",NA,"Siderastrea_Mexico_Barshis-Radice_Host_contig00323"
"12","Down",NA,"Siderastrea_Mexico_Barshis-Radice_Host_contig00328"
"13","Down",NA,"Siderastrea_Mexico_Barshis-Radice_Host_contig00348"
"14","Down",NA,"Siderastrea_Mexico_Barshis-Radice_Host_contig00417"
"15","Down",NA,"Siderastrea_Mexico_Barshis-Radice_Host_contig00438"
"16","Down",NA,"Siderastrea_Mexico_Barshis-Radice_Host_contig00457"
"17","Down",NA,"Siderastrea_Mexico_Barshis-Radice_Host_contig00489"
"18","Down",NA,"Siderastrea_Mexico_Barshis-Radice_Host_contig00536"
"19","Down",NA,"Siderastrea_Mexico_Barshis-Radice_Host_contig00627"
"20","Down",NA,"Siderastrea_Mexico_Barshis-Radice_Host_contig00676"
"21","Down",NA,"Siderastrea_Mexico_Barshis-Radice_Host_contig00682"
"22","Down",NA,"Siderastrea_Mexico_Barshis-Radice_Host_contig00714"
"23","Down",NA,"Siderastrea_Mexico_Barshis-Radice_Host_contig00727"
"24","Down",NA,"Siderastrea_Mexico_Barshis-Radice_Host_contig00861"
"25","Down",NA,"Siderastrea_Mexico_Barshis-Radice_Host_contig00887"
"26","Down",NA,"Siderastrea_Mexico_Barshis-Radice_Host_contig00891"
"27","Down",NA,"Siderastrea_Mexico_Barshis-Radice_Host_contig00893"
"28","Down",NA,"Siderastrea_Mexico_Barshis-Radice_Host_contig00972"
"29","Down",NA,"Siderastrea_Mexico_Barshis-Radice_Host_contig00980"
"30","Down",NA,"Siderastrea_Mexico_Barshis-Radice_Host_contig01031"
"31","Down",NA,"Siderastrea_Mexico_Barshis-Radice_Host_contig01084"
"32","Down",NA,"Siderastrea_Mexico_Barshis-Radice_Host_contig01103"
"33","Down",NA,"Siderastrea_Mexico_Barshis-Radice_Host_contig01117"
"34","Down",NA,"Siderastrea_Mexico_Barshis-Radice_Host_contig01135"
"35","Down",NA,"Siderastrea_Mexico_Barshis-Radice_Host_contig01144"
"36","Down",NA,"Siderastrea_Mexico_Barshis-Radice_Host_contig01164"
"37","Down",NA,"Siderastrea_Mexico_Barshis-Radice_Host_contig01277"
"38","Down",NA,"Siderastrea_Mexico_Barshis-Radice_Host_contig01284"
"39","Down",NA,"Siderastrea_Mexico_Barshis-Radice_Host_contig01326"
"40","Down",NA,"Siderastrea_Mexico_Barshis-Radice_Host_contig01333"
"41","Down",NA,"Siderastrea_Mexico_Barshis-Radice_Host_contig01359"
"42","Down",NA,"Siderastrea_Mexico_Barshis-Radice_Host_contig01411"
"43","Down",NA,"Siderastrea_Mexico_Barshis-Radice_Host_contig01448"
"44","Down",NA,"Siderastrea_Mexico_Barshis-Radice_Host_contig01477"
"45","Down",NA,"Siderastrea_Mexico_Barshis-Radice_Host_contig01500"
"46","Down",NA,"Siderastrea_Mexico_Barshis-Radice_Host_contig01546"
"47","Down",NA,"Siderastrea_Mexico_Barshis-Radice_Host_contig01634"
"48","Down",NA,"Siderastrea_Mexico_Barshis-Radice_Host_contig01647"
"49","Down",NA,"Siderastrea_Mexico_Barshis-Radice_Host_contig01686"
"50","Down",NA,"Siderastrea_Mexico_Barshis-Radice_Host_contig01705"
"51","Down",NA,"Siderastrea_Mexico_Barshis-Radice_Host_contig01741"
"52","Down",NA,"Siderastrea_Mexico_Barshis-Radice_Host_contig01787"
"53","Down",NA,"Siderastrea_Mexico_Barshis-Radice_Host_contig01832"
"54","Down",NA,"Siderastrea_Mexico_Barshis-Radice_Host_contig01842"
"55","Down",NA,"Siderastrea_Mexico_Barshis-Radice_Host_contig01857"
"56","Down",NA,"Siderastrea_Mexico_Barshis-Radice_Host_contig01878"
"57","Down",NA,"Siderastrea_Mexico_Barshis-Radice_Host_contig01893"
"58","Down",NA,"Siderastrea_Mexico_Barshis-Radice_Host_contig01896"
"59","Down",NA,"Siderastrea_Mexico_Barshis-Radice_Host_contig01976"
"60","Down",NA,"Siderastrea_Mexico_Barshis-Radice_Host_contig02013"
"61","Down",NA,"Siderastrea_Mexico_Barshis-Radice_Host_contig02027"
"62","Down",NA,"Siderastrea_Mexico_Barshis-Radice_Host_contig02069"
"63","Down",NA,"Siderastrea_Mexico_Barshis-Radice_Host_contig02073"
"64","Down",NA,"Siderastrea_Mexico_Barshis-Radice_Host_contig02087"
"65","Down",NA,"Siderastrea_Mexico_Barshis-Radice_Host_contig02116"
"66","Down",NA,"Siderastrea_Mexico_Barshis-Radice_Host_contig02175"
"67","Down",NA,"Siderastrea_Mexico_Barshis-Radice_Host_contig02196"
"68","Down",NA,"Siderastrea_Mexico_Barshis-Radice_Host_contig02206"
"69","Down",NA,"Siderastrea_Mexico_Barshis-Radice_Host_contig02214"
"70","Down",NA,"Siderastrea_Mexico_Barshis-Radice_Host_contig02298"
"71","Down",NA,"Siderastrea_Mexico_Barshis-Radice_Host_contig02336"
"72","Down",NA,"Siderastrea_Mexico_Barshis-Radice_Host_contig02371"
"73","Down",NA,"Siderastrea_Mexico_Barshis-Radice_Host_contig02372"
"74","Down",NA,"Siderastrea_Mexico_Barshis-Radice_Host_contig02402"
"75","Down",NA,"Siderastrea_Mexico_Barshis-Radice_Host_contig02403"
"76","Down",NA,"Siderastrea_Mexico_Barshis-Radice_Host_contig02449"
"77","Down",NA,"Siderastrea_Mexico_Barshis-Radice_Host_contig02450"
"78","Down",NA,"Siderastrea_Mexico_Barshis-Radice_Host_contig02455"
"79","Down",NA,"Siderastrea_Mexico_Barshis-Radice_Host_contig02485"
"80","Down",NA,"Siderastrea_Mexico_Barshis-Radice_Host_contig02502"
"81","Down",NA,"Siderastrea_Mexico_Barshis-Radice_Host_contig02518"
"82","Down",NA,"Siderastrea_Mexico_Barshis-Radice_Host_contig02558"
"83","Down",NA,"Siderastrea_Mexico_Barshis-Radice_Host_contig02643"
"84","Down",NA,"Siderastrea_Mexico_Barshis-Radice_Host_contig02655"
"85","Down",NA,"Siderastrea_Mexico_Barshis-Radice_Host_contig02659"
"86","Down",NA,"Siderastrea_Mexico_Barshis-Radice_Host_contig02667"
"87","Down",NA,"Siderastrea_Mexico_Barshis-Radice_Host_contig02800"
"88","Down",NA,"Siderastrea_Mexico_Barshis-Radice_Host_contig02827"
"89","Down",NA,"Siderastrea_Mexico_Barshis-Radice_Host_contig02835"
"90","Down",NA,"Siderastrea_Mexico_Barshis-Radice_Host_contig02840"
"91","Down",NA,"Siderastrea_Mexico_Barshis-Radice_Host_contig02878"
"92","Down",NA,"Siderastrea_Mexico_Barshis-Radice_Host_contig02925"
"93","Down",NA,"Siderastrea_Mexico_Barshis-Radice_Host_contig03106"
"94","Down",NA,"Siderastrea_Mexico_Barshis-Radice_Host_contig03107"
"95","Down",NA,"Siderastrea_Mexico_Barshis-Radice_Host_contig03122"
"96","Down",NA,"Siderastrea_Mexico_Barshis-Radice_Host_contig03123"
"97","Down",NA,"Siderastrea_Mexico_Barshis-Radice_Host_contig03146"
"98","Down",NA,"Siderastrea_Mexico_Barshis-Radice_Host_contig03154"
"99","Down",NA,"Siderastrea_Mexico_Barshis-Radice_Host_contig03157"
"100","Down",NA,"Siderastrea_Mexico_Barshis-Radice_Host_contig03190"
"101","Down",NA,"Siderastrea_Mexico_Barshis-Radice_Host_contig03237"
"102","Down",NA,"Siderastrea_Mexico_Barshis-Radice_Host_contig03263"
"103","Down",NA,"Siderastrea_Mexico_Barshis-Radice_Host_contig03325"
"104","Down",NA,"Siderastrea_Mexico_Barshis-Radice_Host_contig03371"
"105","Down",NA,"Siderastrea_Mexico_Barshis-Radice_Host_contig03397"
"106","Down",NA,"Siderastrea_Mexico_Barshis-Radice_Host_contig03399"
"107","Down",NA,"Siderastrea_Mexico_Barshis-Radice_Host_contig03459"
"108","Down",NA,"Siderastrea_Mexico_Barshis-Radice_Host_contig03487"
"109","Down",NA,"Siderastrea_Mexico_Barshis-Radice_Host_contig03534"
"110","Down",NA,"Siderastrea_Mexico_Barshis-Radice_Host_contig03546"
"111","Down",NA,"Siderastrea_Mexico_Barshis-Radice_Host_contig03559"
"112","Down",NA,"Siderastrea_Mexico_Barshis-Radice_Host_contig03582"
"113","Down",NA,"Siderastrea_Mexico_Barshis-Radice_Host_contig03589"
"114","Down",NA,"Siderastrea_Mexico_Barshis-Radice_Host_contig03601"
"115","Down",NA,"Siderastrea_Mexico_Barshis-Radice_Host_contig03604"
"116","Down",NA,"Siderastrea_Mexico_Barshis-Radice_Host_contig03633"
"117","Down",NA,"Siderastrea_Mexico_Barshis-Radice_Host_contig03655"
"118","Down",NA,"Siderastrea_Mexico_Barshis-Radice_Host_contig03659"
"119","Down",NA,"Siderastrea_Mexico_Barshis-Radice_Host_contig03675"
"120","Down",NA,"Siderastrea_Mexico_Barshis-Radice_Host_contig03694"
"121","Down",NA,"Siderastrea_Mexico_Barshis-Radice_Host_contig03754"
"122","Down",NA,"Siderastrea_Mexico_Barshis-Radice_Host_contig03765"
"123","Down",NA,"Siderastrea_Mexico_Barshis-Radice_Host_contig03784"
"124","Down",NA,"Siderastrea_Mexico_Barshis-Radice_Host_contig03786"
"125","Down",NA,"Siderastrea_Mexico_Barshis-Radice_Host_contig03949"
"126","Down",NA,"Siderastrea_Mexico_Barshis-Radice_Host_contig03994"
"127","Down",NA,"Siderastrea_Mexico_Barshis-Radice_Host_contig04029"
"128","Down",NA,"Siderastrea_Mexico_Barshis-Radice_Host_contig04083"
"129","Down",NA,"Siderastrea_Mexico_Barshis-Radice_Host_contig04122"
"130","Down",NA,"Siderastrea_Mexico_Barshis-Radice_Host_contig04159"
"131","Down",NA,"Siderastrea_Mexico_Barshis-Radice_Host_contig04192"
"132","Down",NA,"Siderastrea_Mexico_Barshis-Radice_Host_contig04206"
"133","Down",NA,"Siderastrea_Mexico_Barshis-Radice_Host_contig04257"
"134","Down",NA,"Siderastrea_Mexico_Barshis-Radice_Host_contig04263"
"135","Down",NA,"Siderastrea_Mexico_Barshis-Radice_Host_contig04272"
"136","Down",NA,"Siderastrea_Mexico_Barshis-Radice_Host_contig04290"
"137","Down",NA,"Siderastrea_Mexico_Barshis-Radice_Host_contig04351"
"138","Down",NA,"Siderastrea_Mexico_Barshis-Radice_Host_contig04389"
"139","Down",NA,"Siderastrea_Mexico_Barshis-Radice_Host_contig04398"
"140","Down",NA,"Siderastrea_Mexico_Barshis-Radice_Host_contig04408"
"141","Down",NA,"Siderastrea_Mexico_Barshis-Radice_Host_contig04428"
"142","Down",NA,"Siderastrea_Mexico_Barshis-Radice_Host_contig04439"
"143","Down",NA,"Siderastrea_Mexico_Barshis-Radice_Host_contig04496"
"144","Down",NA,"Siderastrea_Mexico_Barshis-Radice_Host_contig04507"
"145","Down",NA,"Siderastrea_Mexico_Barshis-Radice_Host_contig04510"
"146","Down",NA,"Siderastrea_Mexico_Barshis-Radice_Host_contig04563"
"147","Down",NA,"Siderastrea_Mexico_Barshis-Radice_Host_contig04569"
"148","Down",NA,"Siderastrea_Mexico_Barshis-Radice_Host_contig04615"
"149","Down",NA,"Siderastrea_Mexico_Barshis-Radice_Host_contig04624"
"150","Down",NA,"Siderastrea_Mexico_Barshis-Radice_Host_contig04630"
"151","Down",NA,"Siderastrea_Mexico_Barshis-Radice_Host_contig04634"
"152","Down",NA,"Siderastrea_Mexico_Barshis-Radice_Host_contig04660"
"153","Down",NA,"Siderastrea_Mexico_Barshis-Radice_Host_contig04695"
"154","Down",NA,"Siderastrea_Mexico_Barshis-Radice_Host_contig04706"
"155","Down",NA,"Siderastrea_Mexico_Barshis-Radice_Host_contig04735"
"156","Down",NA,"Siderastrea_Mexico_Barshis-Radice_Host_contig04742"
"157","Down",NA,"Siderastrea_Mexico_Barshis-Radice_Host_contig04756"
"158","Down",NA,"Siderastrea_Mexico_Barshis-Radice_Host_contig04763"
"159","Down",NA,"Siderastrea_Mexico_Barshis-Radice_Host_contig04769"
"160","Down",NA,"Siderastrea_Mexico_Barshis-Radice_Host_contig04774"
"161","Down",NA,"Siderastrea_Mexico_Barshis-Radice_Host_contig04878"
"162","Down",NA,"Siderastrea_Mexico_Barshis-Radice_Host_contig04887"
"163","Down",NA,"Siderastrea_Mexico_Barshis-Radice_Host_contig04898"
"164","Down",NA,"Siderastrea_Mexico_Barshis-Radice_Host_contig04922"
"165","Down",NA,"Siderastrea_Mexico_Barshis-Radice_Host_contig04924"
"166","Down",NA,"Siderastrea_Mexico_Barshis-Radice_Host_contig04960"
"167","Down",NA,"Siderastrea_Mexico_Barshis-Radice_Host_contig04975"
"168","Down",NA,"Siderastrea_Mexico_Barshis-Radice_Host_contig05002"
"169","Down",NA,"Siderastrea_Mexico_Barshis-Radice_Host_contig05052"
"170","Down",NA,"Siderastrea_Mexico_Barshis-Radice_Host_contig05053"
"171","Down",NA,"Siderastrea_Mexico_Barshis-Radice_Host_contig05074"
"172","Down",NA,"Siderastrea_Mexico_Barshis-Radice_Host_contig05075"
"173","Down",NA,"Siderastrea_Mexico_Barshis-Radice_Host_contig05077"
"174","Down",NA,"Siderastrea_Mexico_Barshis-Radice_Host_contig05085"
"175","Down",NA,"Siderastrea_Mexico_Barshis-Radice_Host_contig05126"
"176","Down",NA,"Siderastrea_Mexico_Barshis-Radice_Host_contig05131"
"177","Down",NA,"Siderastrea_Mexico_Barshis-Radice_Host_contig05141"
"178","Down",NA,"Siderastrea_Mexico_Barshis-Radice_Host_contig05172"
"179","Down",NA,"Siderastrea_Mexico_Barshis-Radice_Host_contig05194"
"180","Down",NA,"Siderastrea_Mexico_Barshis-Radice_Host_contig05245"
"181","Down",NA,"Siderastrea_Mexico_Barshis-Radice_Host_contig05286"
"182","Down",NA,"Siderastrea_Mexico_Barshis-Radice_Host_contig05340"
"183","Down",NA,"Siderastrea_Mexico_Barshis-Radice_Host_contig05371"
"184","Down",NA,"Siderastrea_Mexico_Barshis-Radice_Host_contig05390"
"185","Down",NA,"Siderastrea_Mexico_Barshis-Radice_Host_contig05413"
"186","Down",NA,"Siderastrea_Mexico_Barshis-Radice_Host_contig05464"
"187","Down",NA,"Siderastrea_Mexico_Barshis-Radice_Host_contig05505"
"188","Down",NA,"Siderastrea_Mexico_Barshis-Radice_Host_contig05532"
"189","Down",NA,"Siderastrea_Mexico_Barshis-Radice_Host_contig05550"
"190","Down",NA,"Siderastrea_Mexico_Barshis-Radice_Host_contig05599"
"191","Down",NA,"Siderastrea_Mexico_Barshis-Radice_Host_contig05653"
"192","Down",NA,"Siderastrea_Mexico_Barshis-Radice_Host_contig05722"
"193","Down",NA,"Siderastrea_Mexico_Barshis-Radice_Host_contig05740"
"194","Down",NA,"Siderastrea_Mexico_Barshis-Radice_Host_contig05763"
"195","Down",NA,"Siderastrea_Mexico_Barshis-Radice_Host_contig05813"
"196","Down",NA,"Siderastrea_Mexico_Barshis-Radice_Host_contig05835"
"197","Down",NA,"Siderastrea_Mexico_Barshis-Radice_Host_contig05840"
"198","Down",NA,"Siderastrea_Mexico_Barshis-Radice_Host_contig05945"
"199","Down",NA,"Siderastrea_Mexico_Barshis-Radice_Host_contig05954"
"200","Down",NA,"Siderastrea_Mexico_Barshis-Radice_Host_contig05957"
"201","Down",NA,"Siderastrea_Mexico_Barshis-Radice_Host_contig06032"
"202","Down",NA,"Siderastrea_Mexico_Barshis-Radice_Host_contig06068"
"203","Down",NA,"Siderastrea_Mexico_Barshis-Radice_Host_contig06098"
"204","Down",NA,"Siderastrea_Mexico_Barshis-Radice_Host_contig06108"
"205","Down",NA,"Siderastrea_Mexico_Barshis-Radice_Host_contig06127"
"206","Down",NA,"Siderastrea_Mexico_Barshis-Radice_Host_contig06160"
"207","Down",NA,"Siderastrea_Mexico_Barshis-Radice_Host_contig06300"
"208","Down",NA,"Siderastrea_Mexico_Barshis-Radice_Host_contig06346"
"209","Down",NA,"Siderastrea_Mexico_Barshis-Radice_Host_contig06358"
"210","Down",NA,"Siderastrea_Mexico_Barshis-Radice_Host_contig06365"
"211","Down",NA,"Siderastrea_Mexico_Barshis-Radice_Host_contig06379"
"212","Down",NA,"Siderastrea_Mexico_Barshis-Radice_Host_contig06386"
"213","Down",NA,"Siderastrea_Mexico_Barshis-Radice_Host_contig06393"
"214","Down",NA,"Siderastrea_Mexico_Barshis-Radice_Host_contig06417"
"215","Down",NA,"Siderastrea_Mexico_Barshis-Radice_Host_contig06470"
"216","Down",NA,"Siderastrea_Mexico_Barshis-Radice_Host_contig06472"
"217","Down",NA,"Siderastrea_Mexico_Barshis-Radice_Host_contig06631"
"218","Down",NA,"Siderastrea_Mexico_Barshis-Radice_Host_contig06642"
"219","Down",NA,"Siderastrea_Mexico_Barshis-Radice_Host_contig06723"
"220","Down",NA,"Siderastrea_Mexico_Barshis-Radice_Host_contig06791"
"221","Down",NA,"Siderastrea_Mexico_Barshis-Radice_Host_contig06808"
"222","Down",NA,"Siderastrea_Mexico_Barshis-Radice_Host_contig06843"
"223","Down",NA,"Siderastrea_Mexico_Barshis-Radice_Host_contig06853"
"224","Down",NA,"Siderastrea_Mexico_Barshis-Radice_Host_contig06900"
"225","Down",NA,"Siderastrea_Mexico_Barshis-Radice_Host_contig06939"
"226","Down",NA,"Siderastrea_Mexico_Barshis-Radice_Host_contig06961"
"227","Down",NA,"Siderastrea_Mexico_Barshis-Radice_Host_contig07014"
"228","Down",NA,"Siderastrea_Mexico_Barshis-Radice_Host_contig07067"
"229","Down",NA,"Siderastrea_Mexico_Barshis-Radice_Host_contig07112"
"230","Down",NA,"Siderastrea_Mexico_Barshis-Radice_Host_contig07153"
"231","Down",NA,"Siderastrea_Mexico_Barshis-Radice_Host_contig07230"
"232","Down",NA,"Siderastrea_Mexico_Barshis-Radice_Host_contig07249"
"233","Down",NA,"Siderastrea_Mexico_Barshis-Radice_Host_contig07304"
"234","Down",NA,"Siderastrea_Mexico_Barshis-Radice_Host_contig07380"
"235","Down",NA,"Siderastrea_Mexico_Barshis-Radice_Host_contig07381"
"236","Down",NA,"Siderastrea_Mexico_Barshis-Radice_Host_contig07397"
"237","Down",NA,"Siderastrea_Mexico_Barshis-Radice_Host_contig07461"
"238","Down",NA,"Siderastrea_Mexico_Barshis-Radice_Host_contig07531"
"239","Down",NA,"Siderastrea_Mexico_Barshis-Radice_Host_contig07536"
"240","Down",NA,"Siderastrea_Mexico_Barshis-Radice_Host_contig07537"
"241","Down",NA,"Siderastrea_Mexico_Barshis-Radice_Host_contig07548"
"242","Down",NA,"Siderastrea_Mexico_Barshis-Radice_Host_contig07614"
"243","Down",NA,"Siderastrea_Mexico_Barshis-Radice_Host_contig07624"
"244","Down",NA,"Siderastrea_Mexico_Barshis-Radice_Host_contig07630"
"245","Down",NA,"Siderastrea_Mexico_Barshis-Radice_Host_contig07660"
"246","Down",NA,"Siderastrea_Mexico_Barshis-Radice_Host_contig07716"
"247","Down",NA,"Siderastrea_Mexico_Barshis-Radice_Host_contig07785"
"248","Down",NA,"Siderastrea_Mexico_Barshis-Radice_Host_contig07816"
"249","Down",NA,"Siderastrea_Mexico_Barshis-Radice_Host_contig07826"
"250","Down",NA,"Siderastrea_Mexico_Barshis-Radice_Host_contig07955"
"251","Down",NA,"Siderastrea_Mexico_Barshis-Radice_Host_contig07975"
"252","Down",NA,"Siderastrea_Mexico_Barshis-Radice_Host_contig07986"
"253","Down",NA,"Siderastrea_Mexico_Barshis-Radice_Host_contig07987"
"254","Down",NA,"Siderastrea_Mexico_Barshis-Radice_Host_contig07994"
"255","Down",NA,"Siderastrea_Mexico_Barshis-Radice_Host_contig08002"
"256","Down",NA,"Siderastrea_Mexico_Barshis-Radice_Host_contig08036"
"257","Down",NA,"Siderastrea_Mexico_Barshis-Radice_Host_contig08043"
"258","Down",NA,"Siderastrea_Mexico_Barshis-Radice_Host_contig08074"
"259","Down",NA,"Siderastrea_Mexico_Barshis-Radice_Host_contig08082"
"260","Down",NA,"Siderastrea_Mexico_Barshis-Radice_Host_contig08135"
"261","Down",NA,"Siderastrea_Mexico_Barshis-Radice_Host_contig08163"
"262","Down",NA,"Siderastrea_Mexico_Barshis-Radice_Host_contig08170"
"263","Down",NA,"Siderastrea_Mexico_Barshis-Radice_Host_contig08185"
"264","Down",NA,"Siderastrea_Mexico_Barshis-Radice_Host_contig08197"
"265","Down",NA,"Siderastrea_Mexico_Barshis-Radice_Host_contig08202"
"266","Down",NA,"Siderastrea_Mexico_Barshis-Radice_Host_contig08247"
"267","Down",NA,"Siderastrea_Mexico_Barshis-Radice_Host_contig08268"
"268","Down",NA,"Siderastrea_Mexico_Barshis-Radice_Host_contig08297"
"269","Down",NA,"Siderastrea_Mexico_Barshis-Radice_Host_contig08343"
"270","Down",NA,"Siderastrea_Mexico_Barshis-Radice_Host_contig08351"
"271","Down",NA,"Siderastrea_Mexico_Barshis-Radice_Host_contig08384"
"272","Down",NA,"Siderastrea_Mexico_Barshis-Radice_Host_contig08492"
"273","Down",NA,"Siderastrea_Mexico_Barshis-Radice_Host_contig08557"
"274","Down",NA,"Siderastrea_Mexico_Barshis-Radice_Host_contig08581"
"275","Down",NA,"Siderastrea_Mexico_Barshis-Radice_Host_contig08582"
"276","Down",NA,"Siderastrea_Mexico_Barshis-Radice_Host_contig08610"
"277","Down",NA,"Siderastrea_Mexico_Barshis-Radice_Host_contig08675"
"278","Down",NA,"Siderastrea_Mexico_Barshis-Radice_Host_contig08694"
"279","Down",NA,"Siderastrea_Mexico_Barshis-Radice_Host_contig08709"
"280","Down",NA,"Siderastrea_Mexico_Barshis-Radice_Host_contig08772"
"281","Down",NA,"Siderastrea_Mexico_Barshis-Radice_Host_contig08856"
"282","Down",NA,"Siderastrea_Mexico_Barshis-Radice_Host_contig08879"
"283","Down",NA,"Siderastrea_Mexico_Barshis-Radice_Host_contig08921"
"284","Down",NA,"Siderastrea_Mexico_Barshis-Radice_Host_contig08945"
"285","Down",NA,"Siderastrea_Mexico_Barshis-Radice_Host_contig08989"
"286","Down",NA,"Siderastrea_Mexico_Barshis-Radice_Host_contig09012"
"287","Down",NA,"Siderastrea_Mexico_Barshis-Radice_Host_contig09047"
"288","Down",NA,"Siderastrea_Mexico_Barshis-Radice_Host_contig09070"
"289","Down",NA,"Siderastrea_Mexico_Barshis-Radice_Host_contig09127"
"290","Down",NA,"Siderastrea_Mexico_Barshis-Radice_Host_contig09178"
"291","Down",NA,"Siderastrea_Mexico_Barshis-Radice_Host_contig09367"
"292","Down",NA,"Siderastrea_Mexico_Barshis-Radice_Host_contig09374"
"293","Down",NA,"Siderastrea_Mexico_Barshis-Radice_Host_contig09434"
"294","Down",NA,"Siderastrea_Mexico_Barshis-Radice_Host_contig09486"
"295","Down",NA,"Siderastrea_Mexico_Barshis-Radice_Host_contig09499"
"296","Down",NA,"Siderastrea_Mexico_Barshis-Radice_Host_contig09566"
"297","Down",NA,"Siderastrea_Mexico_Barshis-Radice_Host_contig09578"
"298","Down",NA,"Siderastrea_Mexico_Barshis-Radice_Host_contig09643"
"299","Down",NA,"Siderastrea_Mexico_Barshis-Radice_Host_contig09664"
"300","Down",NA,"Siderastrea_Mexico_Barshis-Radice_Host_contig09671"
"301","Down",NA,"Siderastrea_Mexico_Barshis-Radice_Host_contig09701"
"302","Down",NA,"Siderastrea_Mexico_Barshis-Radice_Host_contig09767"
"303","Down",NA,"Siderastrea_Mexico_Barshis-Radice_Host_contig09775"
"304","Down",NA,"Siderastrea_Mexico_Barshis-Radice_Host_contig09789"
"305","Down",NA,"Siderastrea_Mexico_Barshis-Radice_Host_contig09802"
"306","Down",NA,"Siderastrea_Mexico_Barshis-Radice_Host_contig09840"
"307","Down",NA,"Siderastrea_Mexico_Barshis-Radice_Host_contig10027"
"308","Down",NA,"Siderastrea_Mexico_Barshis-Radice_Host_contig10031"
"309","Down",NA,"Siderastrea_Mexico_Barshis-Radice_Host_contig10074"
"310","Down",NA,"Siderastrea_Mexico_Barshis-Radice_Host_contig10086"
"311","Down",NA,"Siderastrea_Mexico_Barshis-Radice_Host_contig10108"
"312","Down",NA,"Siderastrea_Mexico_Barshis-Radice_Host_contig10161"
"313","Down",NA,"Siderastrea_Mexico_Barshis-Radice_Host_contig10174"
"314","Down",NA,"Siderastrea_Mexico_Barshis-Radice_Host_contig10187"
"315","Down",NA,"Siderastrea_Mexico_Barshis-Radice_Host_contig10211"
"316","Down",NA,"Siderastrea_Mexico_Barshis-Radice_Host_contig10256"
"317","Down",NA,"Siderastrea_Mexico_Barshis-Radice_Host_contig10346"
"318","Down",NA,"Siderastrea_Mexico_Barshis-Radice_Host_contig10374"
"319","Down",NA,"Siderastrea_Mexico_Barshis-Radice_Host_contig10387"
"320","Down",NA,"Siderastrea_Mexico_Barshis-Radice_Host_contig10449"
"321","Down",NA,"Siderastrea_Mexico_Barshis-Radice_Host_contig10507"
"322","Down",NA,"Siderastrea_Mexico_Barshis-Radice_Host_contig10529"
"323","Down",NA,"Siderastrea_Mexico_Barshis-Radice_Host_contig10558"
"324","Down",NA,"Siderastrea_Mexico_Barshis-Radice_Host_contig10590"
"325","Down",NA,"Siderastrea_Mexico_Barshis-Radice_Host_contig10666"
"326","Down",NA,"Siderastrea_Mexico_Barshis-Radice_Host_contig10812"
"327","Down",NA,"Siderastrea_Mexico_Barshis-Radice_Host_contig10821"
"328","Down",NA,"Siderastrea_Mexico_Barshis-Radice_Host_contig10828"
"329","Down",NA,"Siderastrea_Mexico_Barshis-Radice_Host_contig10832"
"330","Down",NA,"Siderastrea_Mexico_Barshis-Radice_Host_contig10835"
"331","Down",NA,"Siderastrea_Mexico_Barshis-Radice_Host_contig10868"
"332","Down",NA,"Siderastrea_Mexico_Barshis-Radice_Host_contig10884"
"333","Down",NA,"Siderastrea_Mexico_Barshis-Radice_Host_contig10904"
"334","Down",NA,"Siderastrea_Mexico_Barshis-Radice_Host_contig10937"
"335","Down",NA,"Siderastrea_Mexico_Barshis-Radice_Host_contig11008"
"336","Down",NA,"Siderastrea_Mexico_Barshis-Radice_Host_contig11093"
"337","Down",NA,"Siderastrea_Mexico_Barshis-Radice_Host_contig11095"
"338","Down",NA,"Siderastrea_Mexico_Barshis-Radice_Host_contig11174"
"339","Down",NA,"Siderastrea_Mexico_Barshis-Radice_Host_contig11207"
"340","Down",NA,"Siderastrea_Mexico_Barshis-Radice_Host_contig11316"
"341","Down",NA,"Siderastrea_Mexico_Barshis-Radice_Host_contig11335"
"342","Down",NA,"Siderastrea_Mexico_Barshis-Radice_Host_contig11352"
"343","Down",NA,"Siderastrea_Mexico_Barshis-Radice_Host_contig11370"
"344","Down",NA,"Siderastrea_Mexico_Barshis-Radice_Host_contig11415"
"345","Down",NA,"Siderastrea_Mexico_Barshis-Radice_Host_contig11439"
"346","Down",NA,"Siderastrea_Mexico_Barshis-Radice_Host_contig11468"
"347","Down",NA,"Siderastrea_Mexico_Barshis-Radice_Host_contig11519"
"348","Down",NA,"Siderastrea_Mexico_Barshis-Radice_Host_contig11521"
"349","Down",NA,"Siderastrea_Mexico_Barshis-Radice_Host_contig11556"
"350","Down",NA,"Siderastrea_Mexico_Barshis-Radice_Host_contig11564"
"351","Down",NA,"Siderastrea_Mexico_Barshis-Radice_Host_contig11586"
"352","Down",NA,"Siderastrea_Mexico_Barshis-Radice_Host_contig11650"
"353","Down",NA,"Siderastrea_Mexico_Barshis-Radice_Host_contig11664"
"354","Down",NA,"Siderastrea_Mexico_Barshis-Radice_Host_contig11694"
"355","Down",NA,"Siderastrea_Mexico_Barshis-Radice_Host_contig11695"
"356","Down",NA,"Siderastrea_Mexico_Barshis-Radice_Host_contig11727"
"357","Down",NA,"Siderastrea_Mexico_Barshis-Radice_Host_contig11752"
"358","Down",NA,"Siderastrea_Mexico_Barshis-Radice_Host_contig11815"
"359","Down",NA,"Siderastrea_Mexico_Barshis-Radice_Host_contig11820"
"360","Down",NA,"Siderastrea_Mexico_Barshis-Radice_Host_contig11831"
"361","Down",NA,"Siderastrea_Mexico_Barshis-Radice_Host_contig11863"
"362","Down",NA,"Siderastrea_Mexico_Barshis-Radice_Host_contig11940"
"363","Down",NA,"Siderastrea_Mexico_Barshis-Radice_Host_contig11944"
"364","Down",NA,"Siderastrea_Mexico_Barshis-Radice_Host_contig12063"
"365","Down",NA,"Siderastrea_Mexico_Barshis-Radice_Host_contig12069"
"366","Down",NA,"Siderastrea_Mexico_Barshis-Radice_Host_contig12073"
"367","Down",NA,"Siderastrea_Mexico_Barshis-Radice_Host_contig12103"
"368","Down",NA,"Siderastrea_Mexico_Barshis-Radice_Host_contig12108"
"369","Down",NA,"Siderastrea_Mexico_Barshis-Radice_Host_contig12161"
"370","Down",NA,"Siderastrea_Mexico_Barshis-Radice_Host_contig12192"
"371","Down",NA,"Siderastrea_Mexico_Barshis-Radice_Host_contig12283"
"372","Down",NA,"Siderastrea_Mexico_Barshis-Radice_Host_contig12290"
"373","Down",NA,"Siderastrea_Mexico_Barshis-Radice_Host_contig12309"
"374","Down",NA,"Siderastrea_Mexico_Barshis-Radice_Host_contig12324"
"375","Down",NA,"Siderastrea_Mexico_Barshis-Radice_Host_contig12356"
"376","Down",NA,"Siderastrea_Mexico_Barshis-Radice_Host_contig12368"
"377","Down",NA,"Siderastrea_Mexico_Barshis-Radice_Host_contig12393"
"378","Down",NA,"Siderastrea_Mexico_Barshis-Radice_Host_contig12428"
"379","Down",NA,"Siderastrea_Mexico_Barshis-Radice_Host_contig12485"
"380","Down",NA,"Siderastrea_Mexico_Barshis-Radice_Host_contig12536"
"381","Down",NA,"Siderastrea_Mexico_Barshis-Radice_Host_contig12576"
"382","Down",NA,"Siderastrea_Mexico_Barshis-Radice_Host_contig12578"
"383","Down",NA,"Siderastrea_Mexico_Barshis-Radice_Host_contig12589"
"384","Down",NA,"Siderastrea_Mexico_Barshis-Radice_Host_contig12649"
"385","Down",NA,"Siderastrea_Mexico_Barshis-Radice_Host_contig12743"
"386","Down",NA,"Siderastrea_Mexico_Barshis-Radice_Host_contig12805"
"387","Down",NA,"Siderastrea_Mexico_Barshis-Radice_Host_contig12809"
"388","Down",NA,"Siderastrea_Mexico_Barshis-Radice_Host_contig12848"
"389","Down",NA,"Siderastrea_Mexico_Barshis-Radice_Host_contig12849"
"390","Down",NA,"Siderastrea_Mexico_Barshis-Radice_Host_contig12877"
"391","Down",NA,"Siderastrea_Mexico_Barshis-Radice_Host_contig12926"
"392","Down",NA,"Siderastrea_Mexico_Barshis-Radice_Host_contig12938"
"393","Down",NA,"Siderastrea_Mexico_Barshis-Radice_Host_contig12940"
"394","Down",NA,"Siderastrea_Mexico_Barshis-Radice_Host_contig13030"
"395","Down",NA,"Siderastrea_Mexico_Barshis-Radice_Host_contig13042"
"396","Down",NA,"Siderastrea_Mexico_Barshis-Radice_Host_contig13142"
"397","Down",NA,"Siderastrea_Mexico_Barshis-Radice_Host_contig13270"
"398","Down",NA,"Siderastrea_Mexico_Barshis-Radice_Host_contig13275"
"399","Down",NA,"Siderastrea_Mexico_Barshis-Radice_Host_contig13403"
"400","Down",NA,"Siderastrea_Mexico_Barshis-Radice_Host_contig13489"
"401","Down",NA,"Siderastrea_Mexico_Barshis-Radice_Host_contig13506"
"402","Down",NA,"Siderastrea_Mexico_Barshis-Radice_Host_contig13511"
"403","Down",NA,"Siderastrea_Mexico_Barshis-Radice_Host_contig13568"
"404","Down",NA,"Siderastrea_Mexico_Barshis-Radice_Host_contig13581"
"405","Down",NA,"Siderastrea_Mexico_Barshis-Radice_Host_contig13582"
"406","Down",NA,"Siderastrea_Mexico_Barshis-Radice_Host_contig13603"
"407","Down",NA,"Siderastrea_Mexico_Barshis-Radice_Host_contig13727"
"408","Down",NA,"Siderastrea_Mexico_Barshis-Radice_Host_contig13752"
"409","Down",NA,"Siderastrea_Mexico_Barshis-Radice_Host_contig13755"
"410","Down",NA,"Siderastrea_Mexico_Barshis-Radice_Host_contig13779"
"411","Down",NA,"Siderastrea_Mexico_Barshis-Radice_Host_contig13784"
"412","Down",NA,"Siderastrea_Mexico_Barshis-Radice_Host_contig13798"
"413","Down",NA,"Siderastrea_Mexico_Barshis-Radice_Host_contig13866"
"414","Down",NA,"Siderastrea_Mexico_Barshis-Radice_Host_contig13875"
"415","Down",NA,"Siderastrea_Mexico_Barshis-Radice_Host_contig13946"
"416","Down",NA,"Siderastrea_Mexico_Barshis-Radice_Host_contig13984"
"417","Down",NA,"Siderastrea_Mexico_Barshis-Radice_Host_contig14008"
"418","Down",NA,"Siderastrea_Mexico_Barshis-Radice_Host_contig14058"
"419","Down",NA,"Siderastrea_Mexico_Barshis-Radice_Host_contig14073"
"420","Down",NA,"Siderastrea_Mexico_Barshis-Radice_Host_contig14083"
"421","Down",NA,"Siderastrea_Mexico_Barshis-Radice_Host_contig14109"
"422","Down",NA,"Siderastrea_Mexico_Barshis-Radice_Host_contig14121"
"423","Down",NA,"Siderastrea_Mexico_Barshis-Radice_Host_contig14160"
"424","Down",NA,"Siderastrea_Mexico_Barshis-Radice_Host_contig14171"
"425","Down",NA,"Siderastrea_Mexico_Barshis-Radice_Host_contig14287"
"426","Down",NA,"Siderastrea_Mexico_Barshis-Radice_Host_contig14303"
"427","Down",NA,"Siderastrea_Mexico_Barshis-Radice_Host_contig14315"
"428","Down",NA,"Siderastrea_Mexico_Barshis-Radice_Host_contig14318"
"429","Down",NA,"Siderastrea_Mexico_Barshis-Radice_Host_contig14378"
"430","Down",NA,"Siderastrea_Mexico_Barshis-Radice_Host_contig14393"
"431","Down",NA,"Siderastrea_Mexico_Barshis-Radice_Host_contig14452"
"432","Down",NA,"Siderastrea_Mexico_Barshis-Radice_Host_contig14478"
"433","Down",NA,"Siderastrea_Mexico_Barshis-Radice_Host_contig14496"
"434","Down",NA,"Siderastrea_Mexico_Barshis-Radice_Host_contig14522"
"435","Down",NA,"Siderastrea_Mexico_Barshis-Radice_Host_contig14545"
"436","Down",NA,"Siderastrea_Mexico_Barshis-Radice_Host_contig14546"
"437","Down",NA,"Siderastrea_Mexico_Barshis-Radice_Host_contig14557"
"438","Down",NA,"Siderastrea_Mexico_Barshis-Radice_Host_contig14566"
"439","Down",NA,"Siderastrea_Mexico_Barshis-Radice_Host_contig14612"
"440","Down",NA,"Siderastrea_Mexico_Barshis-Radice_Host_contig14620"
"441","Down",NA,"Siderastrea_Mexico_Barshis-Radice_Host_contig14671"
"442","Down",NA,"Siderastrea_Mexico_Barshis-Radice_Host_contig14693"
"443","Down",NA,"Siderastrea_Mexico_Barshis-Radice_Host_contig14709"
"444","Down",NA,"Siderastrea_Mexico_Barshis-Radice_Host_contig14721"
"445","Down",NA,"Siderastrea_Mexico_Barshis-Radice_Host_contig14725"
"446","Down",NA,"Siderastrea_Mexico_Barshis-Radice_Host_contig14732"
"447","Down",NA,"Siderastrea_Mexico_Barshis-Radice_Host_contig14750"
"448","Down",NA,"Siderastrea_Mexico_Barshis-Radice_Host_contig14756"
"449","Down",NA,"Siderastrea_Mexico_Barshis-Radice_Host_contig14758"
"450","Down",NA,"Siderastrea_Mexico_Barshis-Radice_Host_contig14778"
"451","Down",NA,"Siderastrea_Mexico_Barshis-Radice_Host_contig14805"
"452","Down",NA,"Siderastrea_Mexico_Barshis-Radice_Host_contig14815"
"453","Down",NA,"Siderastrea_Mexico_Barshis-Radice_Host_contig14826"
"454","Down",NA,"Siderastrea_Mexico_Barshis-Radice_Host_contig14865"
"455","Down",NA,"Siderastrea_Mexico_Barshis-Radice_Host_contig14918"
"456","Down",NA,"Siderastrea_Mexico_Barshis-Radice_Host_contig14967"
"457","Down",NA,"Siderastrea_Mexico_Barshis-Radice_Host_contig15001"
"458","Down",NA,"Siderastrea_Mexico_Barshis-Radice_Host_contig15015"
"459","Down",NA,"Siderastrea_Mexico_Barshis-Radice_Host_contig15038"
"460","Down",NA,"Siderastrea_Mexico_Barshis-Radice_Host_contig15088"
"461","Down",NA,"Siderastrea_Mexico_Barshis-Radice_Host_contig15097"
"462","Down",NA,"Siderastrea_Mexico_Barshis-Radice_Host_contig15153"
"463","Down",NA,"Siderastrea_Mexico_Barshis-Radice_Host_contig15223"
"464","Down",NA,"Siderastrea_Mexico_Barshis-Radice_Host_contig15234"
"465","Down",NA,"Siderastrea_Mexico_Barshis-Radice_Host_contig15290"
"466","Down",NA,"Siderastrea_Mexico_Barshis-Radice_Host_contig15330"
"467","Down",NA,"Siderastrea_Mexico_Barshis-Radice_Host_contig15398"
"468","Down",NA,"Siderastrea_Mexico_Barshis-Radice_Host_contig15405"
"469","Down",NA,"Siderastrea_Mexico_Barshis-Radice_Host_contig15430"
"470","Down",NA,"Siderastrea_Mexico_Barshis-Radice_Host_contig15463"
"471","Down",NA,"Siderastrea_Mexico_Barshis-Radice_Host_contig15511"
"472","Down",NA,"Siderastrea_Mexico_Barshis-Radice_Host_contig15525"
"473","Down",NA,"Siderastrea_Mexico_Barshis-Radice_Host_contig15543"
"474","Down",NA,"Siderastrea_Mexico_Barshis-Radice_Host_contig15552"
"475","Down",NA,"Siderastrea_Mexico_Barshis-Radice_Host_contig15585"
"476","Down",NA,"Siderastrea_Mexico_Barshis-Radice_Host_contig15603"
"477","Down",NA,"Siderastrea_Mexico_Barshis-Radice_Host_contig15612"
"478","Down",NA,"Siderastrea_Mexico_Barshis-Radice_Host_contig15614"
"479","Down",NA,"Siderastrea_Mexico_Barshis-Radice_Host_contig15658"
"480","Down",NA,"Siderastrea_Mexico_Barshis-Radice_Host_contig15752"
"481","Down",NA,"Siderastrea_Mexico_Barshis-Radice_Host_contig15785"
"482","Down",NA,"Siderastrea_Mexico_Barshis-Radice_Host_contig15794"
"483","Down",NA,"Siderastrea_Mexico_Barshis-Radice_Host_contig15816"
"484","Down",NA,"Siderastrea_Mexico_Barshis-Radice_Host_contig15825"
"485","Down",NA,"Siderastrea_Mexico_Barshis-Radice_Host_contig15857"
"486","Down",NA,"Siderastrea_Mexico_Barshis-Radice_Host_contig15937"
"487","Down",NA,"Siderastrea_Mexico_Barshis-Radice_Host_contig15944"
"488","Down",NA,"Siderastrea_Mexico_Barshis-Radice_Host_contig15951"
"489","Down",NA,"Siderastrea_Mexico_Barshis-Radice_Host_contig15961"
"490","Down",NA,"Siderastrea_Mexico_Barshis-Radice_Host_contig15965"
"491","Down",NA,"Siderastrea_Mexico_Barshis-Radice_Host_contig15991"
"492","Down",NA,"Siderastrea_Mexico_Barshis-Radice_Host_contig16036"
"493","Down",NA,"Siderastrea_Mexico_Barshis-Radice_Host_contig16094"
"494","Down",NA,"Siderastrea_Mexico_Barshis-Radice_Host_contig16130"
"495","Down",NA,"Siderastrea_Mexico_Barshis-Radice_Host_contig16141"
"496","Down",NA,"Siderastrea_Mexico_Barshis-Radice_Host_contig16153"
"497","Down",NA,"Siderastrea_Mexico_Barshis-Radice_Host_contig16185"
"498","Down",NA,"Siderastrea_Mexico_Barshis-Radice_Host_contig16200"
"499","Down",NA,"Siderastrea_Mexico_Barshis-Radice_Host_contig16209"
"500","Down",NA,"Siderastrea_Mexico_Barshis-Radice_Host_contig16236"
"501","Down",NA,"Siderastrea_Mexico_Barshis-Radice_Host_contig16239"
"502","Down",NA,"Siderastrea_Mexico_Barshis-Radice_Host_contig16246"
"503","Down",NA,"Siderastrea_Mexico_Barshis-Radice_Host_contig16249"
"504","Down",NA,"Siderastrea_Mexico_Barshis-Radice_Host_contig16332"
"505","Down",NA,"Siderastrea_Mexico_Barshis-Radice_Host_contig16356"
"506","Down",NA,"Siderastrea_Mexico_Barshis-Radice_Host_contig16398"
"507","Down",NA,"Siderastrea_Mexico_Barshis-Radice_Host_contig16473"
"508","Down",NA,"Siderastrea_Mexico_Barshis-Radice_Host_contig16527"
"509","Down",NA,"Siderastrea_Mexico_Barshis-Radice_Host_contig16563"
"510","Down",NA,"Siderastrea_Mexico_Barshis-Radice_Host_contig16570"
"511","Down",NA,"Siderastrea_Mexico_Barshis-Radice_Host_contig16624"
"512","Down",NA,"Siderastrea_Mexico_Barshis-Radice_Host_contig16672"
"513","Down",NA,"Siderastrea_Mexico_Barshis-Radice_Host_contig16710"
"514","Down",NA,"Siderastrea_Mexico_Barshis-Radice_Host_contig16753"
"515","Down",NA,"Siderastrea_Mexico_Barshis-Radice_Host_contig16758"
"516","Down",NA,"Siderastrea_Mexico_Barshis-Radice_Host_contig16793"
"517","Down",NA,"Siderastrea_Mexico_Barshis-Radice_Host_contig16832"
"518","Down",NA,"Siderastrea_Mexico_Barshis-Radice_Host_contig16888"
"519","Down",NA,"Siderastrea_Mexico_Barshis-Radice_Host_contig16936"
"520","Down",NA,"Siderastrea_Mexico_Barshis-Radice_Host_contig16958"
"521","Down",NA,"Siderastrea_Mexico_Barshis-Radice_Host_contig16969"
"522","Down",NA,"Siderastrea_Mexico_Barshis-Radice_Host_contig16980"
"523","Down",NA,"Siderastrea_Mexico_Barshis-Radice_Host_contig16988"
"524","Down",NA,"Siderastrea_Mexico_Barshis-Radice_Host_contig17006"
"525","Down",NA,"Siderastrea_Mexico_Barshis-Radice_Host_contig17076"
"526","Down",NA,"Siderastrea_Mexico_Barshis-Radice_Host_contig17105"
"527","Down",NA,"Siderastrea_Mexico_Barshis-Radice_Host_contig17132"
"528","Down",NA,"Siderastrea_Mexico_Barshis-Radice_Host_contig17162"
"529","Down",NA,"Siderastrea_Mexico_Barshis-Radice_Host_contig17201"
"530","Down",NA,"Siderastrea_Mexico_Barshis-Radice_Host_contig17228"
"531","Down",NA,"Siderastrea_Mexico_Barshis-Radice_Host_contig17260"
"532","Down",NA,"Siderastrea_Mexico_Barshis-Radice_Host_contig17304"
"533","Down",NA,"Siderastrea_Mexico_Barshis-Radice_Host_contig17320"
"534","Down",NA,"Siderastrea_Mexico_Barshis-Radice_Host_contig17381"
"535","Down",NA,"Siderastrea_Mexico_Barshis-Radice_Host_contig17416"
"536","Down",NA,"Siderastrea_Mexico_Barshis-Radice_Host_contig17421"
"537","Down",NA,"Siderastrea_Mexico_Barshis-Radice_Host_contig17438"
"538","Down",NA,"Siderastrea_Mexico_Barshis-Radice_Host_contig17476"
"539","Down",NA,"Siderastrea_Mexico_Barshis-Radice_Host_contig17481"
"540","Down",NA,"Siderastrea_Mexico_Barshis-Radice_Host_contig17511"
"541","Down",NA,"Siderastrea_Mexico_Barshis-Radice_Host_contig17526"
"542","Down",NA,"Siderastrea_Mexico_Barshis-Radice_Host_contig17601"
"543","Down",NA,"Siderastrea_Mexico_Barshis-Radice_Host_contig17631"
"544","Down",NA,"Siderastrea_Mexico_Barshis-Radice_Host_contig17637"
"545","Down",NA,"Siderastrea_Mexico_Barshis-Radice_Host_contig17716"
"546","Down",NA,"Siderastrea_Mexico_Barshis-Radice_Host_contig17730"
"547","Down",NA,"Siderastrea_Mexico_Barshis-Radice_Host_contig17740"
"548","Down",NA,"Siderastrea_Mexico_Barshis-Radice_Host_contig17752"
"549","Down",NA,"Siderastrea_Mexico_Barshis-Radice_Host_contig17758"
"550","Down",NA,"Siderastrea_Mexico_Barshis-Radice_Host_contig17761"
"551","Down",NA,"Siderastrea_Mexico_Barshis-Radice_Host_contig17837"
"552","Down",NA,"Siderastrea_Mexico_Barshis-Radice_Host_contig17849"
"553","Down",NA,"Siderastrea_Mexico_Barshis-Radice_Host_contig17853"
"554","Down",NA,"Siderastrea_Mexico_Barshis-Radice_Host_contig17857"
"555","Down",NA,"Siderastrea_Mexico_Barshis-Radice_Host_contig17890"
"556","Down",NA,"Siderastrea_Mexico_Barshis-Radice_Host_contig17904"
"557","Down",NA,"Siderastrea_Mexico_Barshis-Radice_Host_contig17946"
"558","Down",NA,"Siderastrea_Mexico_Barshis-Radice_Host_contig17985"
"559","Down",NA,"Siderastrea_Mexico_Barshis-Radice_Host_contig18069"
"560","Down",NA,"Siderastrea_Mexico_Barshis-Radice_Host_contig18077"
"561","Down",NA,"Siderastrea_Mexico_Barshis-Radice_Host_contig18105"
"562","Down",NA,"Siderastrea_Mexico_Barshis-Radice_Host_contig18144"
"563","Down",NA,"Siderastrea_Mexico_Barshis-Radice_Host_contig18147"
"564","Down",NA,"Siderastrea_Mexico_Barshis-Radice_Host_contig18164"
"565","Down",NA,"Siderastrea_Mexico_Barshis-Radice_Host_contig18185"
"566","Down",NA,"Siderastrea_Mexico_Barshis-Radice_Host_contig18209"
"567","Down",NA,"Siderastrea_Mexico_Barshis-Radice_Host_contig18218"
"568","Down",NA,"Siderastrea_Mexico_Barshis-Radice_Host_contig18226"
"569","Down",NA,"Siderastrea_Mexico_Barshis-Radice_Host_contig18229"
"570","Down",NA,"Siderastrea_Mexico_Barshis-Radice_Host_contig18231"
"571","Down",NA,"Siderastrea_Mexico_Barshis-Radice_Host_contig18232"
"572","Down",NA,"Siderastrea_Mexico_Barshis-Radice_Host_contig18272"
"573","Down",NA,"Siderastrea_Mexico_Barshis-Radice_Host_contig18282"
"574","Down",NA,"Siderastrea_Mexico_Barshis-Radice_Host_contig18328"
"575","Down",NA,"Siderastrea_Mexico_Barshis-Radice_Host_contig18365"
"576","Down",NA,"Siderastrea_Mexico_Barshis-Radice_Host_contig18414"
"577","Down",NA,"Siderastrea_Mexico_Barshis-Radice_Host_contig18479"
"578","Down",NA,"Siderastrea_Mexico_Barshis-Radice_Host_contig18489"
"579","Down",NA,"Siderastrea_Mexico_Barshis-Radice_Host_contig18490"
"580","Down",NA,"Siderastrea_Mexico_Barshis-Radice_Host_contig18493"
"581","Down",NA,"Siderastrea_Mexico_Barshis-Radice_Host_contig18560"
"582","Down",NA,"Siderastrea_Mexico_Barshis-Radice_Host_contig18561"
"583","Down",NA,"Siderastrea_Mexico_Barshis-Radice_Host_contig18581"
"584","Down",NA,"Siderastrea_Mexico_Barshis-Radice_Host_contig18593"
"585","Down",NA,"Siderastrea_Mexico_Barshis-Radice_Host_contig18675"
"586","Down",NA,"Siderastrea_Mexico_Barshis-Radice_Host_contig18699"
"587","Down",NA,"Siderastrea_Mexico_Barshis-Radice_Host_contig18704"
"588","Down",NA,"Siderastrea_Mexico_Barshis-Radice_Host_contig18790"
"589","Down",NA,"Siderastrea_Mexico_Barshis-Radice_Host_contig18826"
"590","Down",NA,"Siderastrea_Mexico_Barshis-Radice_Host_contig18833"
"591","Down",NA,"Siderastrea_Mexico_Barshis-Radice_Host_contig18861"
"592","Down",NA,"Siderastrea_Mexico_Barshis-Radice_Host_contig18884"
"593","Down",NA,"Siderastrea_Mexico_Barshis-Radice_Host_contig18890"
"594","Down",NA,"Siderastrea_Mexico_Barshis-Radice_Host_contig18954"
"595","Down",NA,"Siderastrea_Mexico_Barshis-Radice_Host_contig18960"
"596","Down",NA,"Siderastrea_Mexico_Barshis-Radice_Host_contig19003"
"597","Down",NA,"Siderastrea_Mexico_Barshis-Radice_Host_contig19053"
"598","Down",NA,"Siderastrea_Mexico_Barshis-Radice_Host_contig19071"
"599","Down",NA,"Siderastrea_Mexico_Barshis-Radice_Host_contig19111"
"600","Down",NA,"Siderastrea_Mexico_Barshis-Radice_Host_contig19130"
"601","Down",NA,"Siderastrea_Mexico_Barshis-Radice_Host_contig19159"
"602","Down",NA,"Siderastrea_Mexico_Barshis-Radice_Host_contig19243"
"603","Down",NA,"Siderastrea_Mexico_Barshis-Radice_Host_contig19263"
"604","Up","Siderastrea_Mexico_Barshis-Radice_Host_contig00070",NA
"605","Up","Siderastrea_Mexico_Barshis-Radice_Host_contig00087",NA
"606","Up","Siderastrea_Mexico_Barshis-Radice_Host_contig00146",NA
"607","Up","Siderastrea_Mexico_Barshis-Radice_Host_contig00213",NA
"608","Up","Siderastrea_Mexico_Barshis-Radice_Host_contig00324",NA
"609","Up","Siderastrea_Mexico_Barshis-Radice_Host_contig00418",NA
"610","Up","Siderastrea_Mexico_Barshis-Radice_Host_contig00471",NA
"611","Up","Siderastrea_Mexico_Barshis-Radice_Host_contig00504",NA
"612","Up","Siderastrea_Mexico_Barshis-Radice_Host_contig00535",NA
"613","Up","Siderastrea_Mexico_Barshis-Radice_Host_contig00549",NA
"614","Up","Siderastrea_Mexico_Barshis-Radice_Host_contig00596",NA
"615","Up","Siderastrea_Mexico_Barshis-Radice_Host_contig00626",NA
"616","Up","Siderastrea_Mexico_Barshis-Radice_Host_contig00732",NA
"617","Up","Siderastrea_Mexico_Barshis-Radice_Host_contig00750",NA
"618","Up","Siderastrea_Mexico_Barshis-Radice_Host_contig00790",NA
"619","Up","Siderastrea_Mexico_Barshis-Radice_Host_contig00834",NA
"620","Up","Siderastrea_Mexico_Barshis-Radice_Host_contig00899",NA
"621","Up","Siderastrea_Mexico_Barshis-Radice_Host_contig01006",NA
"622","Up","Siderastrea_Mexico_Barshis-Radice_Host_contig01133",NA
"623","Up","Siderastrea_Mexico_Barshis-Radice_Host_contig01157",NA
"624","Up","Siderastrea_Mexico_Barshis-Radice_Host_contig01234",NA
"625","Up","Siderastrea_Mexico_Barshis-Radice_Host_contig01252",NA
"626","Up","Siderastrea_Mexico_Barshis-Radice_Host_contig01293",NA
"627","Up","Siderastrea_Mexico_Barshis-Radice_Host_contig01325",NA
"628","Up","Siderastrea_Mexico_Barshis-Radice_Host_contig01353",NA
"629","Up","Siderastrea_Mexico_Barshis-Radice_Host_contig01407",NA
"630","Up","Siderastrea_Mexico_Barshis-Radice_Host_contig01558",NA
"631","Up","Siderastrea_Mexico_Barshis-Radice_Host_contig01583",NA
"632","Up","Siderastrea_Mexico_Barshis-Radice_Host_contig01602",NA
"633","Up","Siderastrea_Mexico_Barshis-Radice_Host_contig01619",NA
"634","Up","Siderastrea_Mexico_Barshis-Radice_Host_contig01734",NA
"635","Up","Siderastrea_Mexico_Barshis-Radice_Host_contig01803",NA
"636","Up","Siderastrea_Mexico_Barshis-Radice_Host_contig01830",NA
"637","Up","Siderastrea_Mexico_Barshis-Radice_Host_contig01845",NA
"638","Up","Siderastrea_Mexico_Barshis-Radice_Host_contig01855",NA
"639","Up","Siderastrea_Mexico_Barshis-Radice_Host_contig01886",NA
"640","Up","Siderastrea_Mexico_Barshis-Radice_Host_contig01968",NA
"641","Up","Siderastrea_Mexico_Barshis-Radice_Host_contig02044",NA
"642","Up","Siderastrea_Mexico_Barshis-Radice_Host_contig02239",NA
"643","Up","Siderastrea_Mexico_Barshis-Radice_Host_contig02254",NA
"644","Up","Siderastrea_Mexico_Barshis-Radice_Host_contig02284",NA
"645","Up","Siderastrea_Mexico_Barshis-Radice_Host_contig02319",NA
"646","Up","Siderastrea_Mexico_Barshis-Radice_Host_contig02437",NA
"647","Up","Siderastrea_Mexico_Barshis-Radice_Host_contig02545",NA
"648","Up","Siderastrea_Mexico_Barshis-Radice_Host_contig02547",NA
"649","Up","Siderastrea_Mexico_Barshis-Radice_Host_contig02983",NA
"650","Up","Siderastrea_Mexico_Barshis-Radice_Host_contig03208",NA
"651","Up","Siderastrea_Mexico_Barshis-Radice_Host_contig03231",NA
"652","Up","Siderastrea_Mexico_Barshis-Radice_Host_contig03279",NA
"653","Up","Siderastrea_Mexico_Barshis-Radice_Host_contig03292",NA
"654","Up","Siderastrea_Mexico_Barshis-Radice_Host_contig03385",NA
"655","Up","Siderastrea_Mexico_Barshis-Radice_Host_contig03456",NA
"656","Up","Siderastrea_Mexico_Barshis-Radice_Host_contig03471",NA
"657","Up","Siderastrea_Mexico_Barshis-Radice_Host_contig03478",NA
"658","Up","Siderastrea_Mexico_Barshis-Radice_Host_contig03512",NA
"659","Up","Siderastrea_Mexico_Barshis-Radice_Host_contig03551",NA
"660","Up","Siderastrea_Mexico_Barshis-Radice_Host_contig03616",NA
"661","Up","Siderastrea_Mexico_Barshis-Radice_Host_contig03643",NA
"662","Up","Siderastrea_Mexico_Barshis-Radice_Host_contig03656",NA
"663","Up","Siderastrea_Mexico_Barshis-Radice_Host_contig03709",NA
"664","Up","Siderastrea_Mexico_Barshis-Radice_Host_contig03737",NA
"665","Up","Siderastrea_Mexico_Barshis-Radice_Host_contig03779",NA
"666","Up","Siderastrea_Mexico_Barshis-Radice_Host_contig03880",NA
"667","Up","Siderastrea_Mexico_Barshis-Radice_Host_contig03908",NA
"668","Up","Siderastrea_Mexico_Barshis-Radice_Host_contig04008",NA
"669","Up","Siderastrea_Mexico_Barshis-Radice_Host_contig04027",NA
"670","Up","Siderastrea_Mexico_Barshis-Radice_Host_contig04179",NA
"671","Up","Siderastrea_Mexico_Barshis-Radice_Host_contig04220",NA
"672","Up","Siderastrea_Mexico_Barshis-Radice_Host_contig04249",NA
"673","Up","Siderastrea_Mexico_Barshis-Radice_Host_contig04258",NA
"674","Up","Siderastrea_Mexico_Barshis-Radice_Host_contig04336",NA
"675","Up","Siderastrea_Mexico_Barshis-Radice_Host_contig04362",NA
"676","Up","Siderastrea_Mexico_Barshis-Radice_Host_contig04460",NA
"677","Up","Siderastrea_Mexico_Barshis-Radice_Host_contig04566",NA
"678","Up","Siderastrea_Mexico_Barshis-Radice_Host_contig04570",NA
"679","Up","Siderastrea_Mexico_Barshis-Radice_Host_contig04627",NA
"680","Up","Siderastrea_Mexico_Barshis-Radice_Host_contig04646",NA
"681","Up","Siderastrea_Mexico_Barshis-Radice_Host_contig04690",NA
"682","Up","Siderastrea_Mexico_Barshis-Radice_Host_contig04704",NA
"683","Up","Siderastrea_Mexico_Barshis-Radice_Host_contig04711",NA
"684","Up","Siderastrea_Mexico_Barshis-Radice_Host_contig04739",NA
"685","Up","Siderastrea_Mexico_Barshis-Radice_Host_contig04740",NA
"686","Up","Siderastrea_Mexico_Barshis-Radice_Host_contig04811",NA
"687","Up","Siderastrea_Mexico_Barshis-Radice_Host_contig04825",NA
"688","Up","Siderastrea_Mexico_Barshis-Radice_Host_contig04859",NA
"689","Up","Siderastrea_Mexico_Barshis-Radice_Host_contig04876",NA
"690","Up","Siderastrea_Mexico_Barshis-Radice_Host_contig04911",NA
"691","Up","Siderastrea_Mexico_Barshis-Radice_Host_contig04927",NA
"692","Up","Siderastrea_Mexico_Barshis-Radice_Host_contig04940",NA
"693","Up","Siderastrea_Mexico_Barshis-Radice_Host_contig05026",NA
"694","Up","Siderastrea_Mexico_Barshis-Radice_Host_contig05048",NA
"695","Up","Siderastrea_Mexico_Barshis-Radice_Host_contig05057",NA
"696","Up","Siderastrea_Mexico_Barshis-Radice_Host_contig05112",NA
"697","Up","Siderastrea_Mexico_Barshis-Radice_Host_contig05284",NA
"698","Up","Siderastrea_Mexico_Barshis-Radice_Host_contig05314",NA
"699","Up","Siderastrea_Mexico_Barshis-Radice_Host_contig05315",NA
"700","Up","Siderastrea_Mexico_Barshis-Radice_Host_contig05356",NA
"701","Up","Siderastrea_Mexico_Barshis-Radice_Host_contig05604",NA
"702","Up","Siderastrea_Mexico_Barshis-Radice_Host_contig05630",NA
"703","Up","Siderastrea_Mexico_Barshis-Radice_Host_contig05661",NA
"704","Up","Siderastrea_Mexico_Barshis-Radice_Host_contig05814",NA
"705","Up","Siderastrea_Mexico_Barshis-Radice_Host_contig05849",NA
"706","Up","Siderastrea_Mexico_Barshis-Radice_Host_contig05853",NA
"707","Up","Siderastrea_Mexico_Barshis-Radice_Host_contig05959",NA
"708","Up","Siderastrea_Mexico_Barshis-Radice_Host_contig06095",NA
"709","Up","Siderastrea_Mexico_Barshis-Radice_Host_contig06100",NA
"710","Up","Siderastrea_Mexico_Barshis-Radice_Host_contig06130",NA
"711","Up","Siderastrea_Mexico_Barshis-Radice_Host_contig06147",NA
"712","Up","Siderastrea_Mexico_Barshis-Radice_Host_contig06198",NA
"713","Up","Siderastrea_Mexico_Barshis-Radice_Host_contig06211",NA
"714","Up","Siderastrea_Mexico_Barshis-Radice_Host_contig06213",NA
"715","Up","Siderastrea_Mexico_Barshis-Radice_Host_contig06238",NA
"716","Up","Siderastrea_Mexico_Barshis-Radice_Host_contig06240",NA
"717","Up","Siderastrea_Mexico_Barshis-Radice_Host_contig06276",NA
"718","Up","Siderastrea_Mexico_Barshis-Radice_Host_contig06306",NA
"719","Up","Siderastrea_Mexico_Barshis-Radice_Host_contig06321",NA
"720","Up","Siderastrea_Mexico_Barshis-Radice_Host_contig06419",NA
"721","Up","Siderastrea_Mexico_Barshis-Radice_Host_contig06499",NA
"722","Up","Siderastrea_Mexico_Barshis-Radice_Host_contig06576",NA
"723","Up","Siderastrea_Mexico_Barshis-Radice_Host_contig06619",NA
"724","Up","Siderastrea_Mexico_Barshis-Radice_Host_contig06707",NA
"725","Up","Siderastrea_Mexico_Barshis-Radice_Host_contig06856",NA
"726","Up","Siderastrea_Mexico_Barshis-Radice_Host_contig06873",NA
"727","Up","Siderastrea_Mexico_Barshis-Radice_Host_contig06883",NA
"728","Up","Siderastrea_Mexico_Barshis-Radice_Host_contig06907",NA
"729","Up","Siderastrea_Mexico_Barshis-Radice_Host_contig06922",NA
"730","Up","Siderastrea_Mexico_Barshis-Radice_Host_contig06966",NA
"731","Up","Siderastrea_Mexico_Barshis-Radice_Host_contig07008",NA
"732","Up","Siderastrea_Mexico_Barshis-Radice_Host_contig07088",NA
"733","Up","Siderastrea_Mexico_Barshis-Radice_Host_contig07168",NA
"734","Up","Siderastrea_Mexico_Barshis-Radice_Host_contig07197",NA
"735","Up","Siderastrea_Mexico_Barshis-Radice_Host_contig07200",NA
"736","Up","Siderastrea_Mexico_Barshis-Radice_Host_contig07250",NA
"737","Up","Siderastrea_Mexico_Barshis-Radice_Host_contig07311",NA
"738","Up","Siderastrea_Mexico_Barshis-Radice_Host_contig07339",NA
"739","Up","Siderastrea_Mexico_Barshis-Radice_Host_contig07403",NA
"740","Up","Siderastrea_Mexico_Barshis-Radice_Host_contig07425",NA
"741","Up","Siderastrea_Mexico_Barshis-Radice_Host_contig07511",NA
"742","Up","Siderastrea_Mexico_Barshis-Radice_Host_contig07569",NA
"743","Up","Siderastrea_Mexico_Barshis-Radice_Host_contig07628",NA
"744","Up","Siderastrea_Mexico_Barshis-Radice_Host_contig07708",NA
"745","Up","Siderastrea_Mexico_Barshis-Radice_Host_contig07798",NA
"746","Up","Siderastrea_Mexico_Barshis-Radice_Host_contig07885",NA
"747","Up","Siderastrea_Mexico_Barshis-Radice_Host_contig07901",NA
"748","Up","Siderastrea_Mexico_Barshis-Radice_Host_contig07998",NA
"749","Up","Siderastrea_Mexico_Barshis-Radice_Host_contig08014",NA
"750","Up","Siderastrea_Mexico_Barshis-Radice_Host_contig08015",NA
"751","Up","Siderastrea_Mexico_Barshis-Radice_Host_contig08031",NA
"752","Up","Siderastrea_Mexico_Barshis-Radice_Host_contig08057",NA
"753","Up","Siderastrea_Mexico_Barshis-Radice_Host_contig08280",NA
"754","Up","Siderastrea_Mexico_Barshis-Radice_Host_contig08302",NA
"755","Up","Siderastrea_Mexico_Barshis-Radice_Host_contig08329",NA
"756","Up","Siderastrea_Mexico_Barshis-Radice_Host_contig08332",NA
"757","Up","Siderastrea_Mexico_Barshis-Radice_Host_contig08363",NA
"758","Up","Siderastrea_Mexico_Barshis-Radice_Host_contig08467",NA
"759","Up","Siderastrea_Mexico_Barshis-Radice_Host_contig08533",NA
"760","Up","Siderastrea_Mexico_Barshis-Radice_Host_contig08635",NA
"761","Up","Siderastrea_Mexico_Barshis-Radice_Host_contig08678",NA
"762","Up","Siderastrea_Mexico_Barshis-Radice_Host_contig08842",NA
"763","Up","Siderastrea_Mexico_Barshis-Radice_Host_contig08969",NA
"764","Up","Siderastrea_Mexico_Barshis-Radice_Host_contig09142",NA
"765","Up","Siderastrea_Mexico_Barshis-Radice_Host_contig09258",NA
"766","Up","Siderastrea_Mexico_Barshis-Radice_Host_contig09346",NA
"767","Up","Siderastrea_Mexico_Barshis-Radice_Host_contig09373",NA
"768","Up","Siderastrea_Mexico_Barshis-Radice_Host_contig09382",NA
"769","Up","Siderastrea_Mexico_Barshis-Radice_Host_contig09433",NA
"770","Up","Siderastrea_Mexico_Barshis-Radice_Host_contig09523",NA
"771","Up","Siderastrea_Mexico_Barshis-Radice_Host_contig09548",NA
"772","Up","Siderastrea_Mexico_Barshis-Radice_Host_contig09569",NA
"773","Up","Siderastrea_Mexico_Barshis-Radice_Host_contig09609",NA
"774","Up","Siderastrea_Mexico_Barshis-Radice_Host_contig09617",NA
"775","Up","Siderastrea_Mexico_Barshis-Radice_Host_contig09653",NA
"776","Up","Siderastrea_Mexico_Barshis-Radice_Host_contig09665",NA
"777","Up","Siderastrea_Mexico_Barshis-Radice_Host_contig09680",NA
"778","Up","Siderastrea_Mexico_Barshis-Radice_Host_contig09749",NA
"779","Up","Siderastrea_Mexico_Barshis-Radice_Host_contig10045",NA
"780","Up","Siderastrea_Mexico_Barshis-Radice_Host_contig10090",NA
"781","Up","Siderastrea_Mexico_Barshis-Radice_Host_contig10120",NA
"782","Up","Siderastrea_Mexico_Barshis-Radice_Host_contig10144",NA
"783","Up","Siderastrea_Mexico_Barshis-Radice_Host_contig10153",NA
"784","Up","Siderastrea_Mexico_Barshis-Radice_Host_contig10181",NA
"785","Up","Siderastrea_Mexico_Barshis-Radice_Host_contig10399",NA
"786","Up","Siderastrea_Mexico_Barshis-Radice_Host_contig10499",NA
"787","Up","Siderastrea_Mexico_Barshis-Radice_Host_contig10548",NA
"788","Up","Siderastrea_Mexico_Barshis-Radice_Host_contig10628",NA
"789","Up","Siderastrea_Mexico_Barshis-Radice_Host_contig10797",NA
"790","Up","Siderastrea_Mexico_Barshis-Radice_Host_contig10896",NA
"791","Up","Siderastrea_Mexico_Barshis-Radice_Host_contig10944",NA
"792","Up","Siderastrea_Mexico_Barshis-Radice_Host_contig10988",NA
"793","Up","Siderastrea_Mexico_Barshis-Radice_Host_contig11072",NA
"794","Up","Siderastrea_Mexico_Barshis-Radice_Host_contig11087",NA
"795","Up","Siderastrea_Mexico_Barshis-Radice_Host_contig11109",NA
"796","Up","Siderastrea_Mexico_Barshis-Radice_Host_contig11213",NA
"797","Up","Siderastrea_Mexico_Barshis-Radice_Host_contig11236",NA
"798","Up","Siderastrea_Mexico_Barshis-Radice_Host_contig11299",NA
"799","Up","Siderastrea_Mexico_Barshis-Radice_Host_contig11317",NA
"800","Up","Siderastrea_Mexico_Barshis-Radice_Host_contig11506",NA
"801","Up","Siderastrea_Mexico_Barshis-Radice_Host_contig11597",NA
"802","Up","Siderastrea_Mexico_Barshis-Radice_Host_contig11676",NA
"803","Up","Siderastrea_Mexico_Barshis-Radice_Host_contig11778",NA
"804","Up","Siderastrea_Mexico_Barshis-Radice_Host_contig11796",NA
"805","Up","Siderastrea_Mexico_Barshis-Radice_Host_contig11840",NA
"806","Up","Siderastrea_Mexico_Barshis-Radice_Host_contig12020",NA
"807","Up","Siderastrea_Mexico_Barshis-Radice_Host_contig12029",NA
"808","Up","Siderastrea_Mexico_Barshis-Radice_Host_contig12042",NA
"809","Up","Siderastrea_Mexico_Barshis-Radice_Host_contig12050",NA
"810","Up","Siderastrea_Mexico_Barshis-Radice_Host_contig12106",NA
"811","Up","Siderastrea_Mexico_Barshis-Radice_Host_contig12184",NA
"812","Up","Siderastrea_Mexico_Barshis-Radice_Host_contig12218",NA
"813","Up","Siderastrea_Mexico_Barshis-Radice_Host_contig12281",NA
"814","Up","Siderastrea_Mexico_Barshis-Radice_Host_contig12328",NA
"815","Up","Siderastrea_Mexico_Barshis-Radice_Host_contig12375",NA
"816","Up","Siderastrea_Mexico_Barshis-Radice_Host_contig12563",NA
"817","Up","Siderastrea_Mexico_Barshis-Radice_Host_contig12584",NA
"818","Up","Siderastrea_Mexico_Barshis-Radice_Host_contig12586",NA
"819","Up","Siderastrea_Mexico_Barshis-Radice_Host_contig12620",NA
"820","Up","Siderastrea_Mexico_Barshis-Radice_Host_contig12663",NA
"821","Up","Siderastrea_Mexico_Barshis-Radice_Host_contig12690",NA
"822","Up","Siderastrea_Mexico_Barshis-Radice_Host_contig12734",NA
"823","Up","Siderastrea_Mexico_Barshis-Radice_Host_contig12960",NA
"824","Up","Siderastrea_Mexico_Barshis-Radice_Host_contig12980",NA
"825","Up","Siderastrea_Mexico_Barshis-Radice_Host_contig13093",NA
"826","Up","Siderastrea_Mexico_Barshis-Radice_Host_contig13141",NA
"827","Up","Siderastrea_Mexico_Barshis-Radice_Host_contig13174",NA
"828","Up","Siderastrea_Mexico_Barshis-Radice_Host_contig13188",NA
"829","Up","Siderastrea_Mexico_Barshis-Radice_Host_contig13233",NA
"830","Up","Siderastrea_Mexico_Barshis-Radice_Host_contig13260",NA
"831","Up","Siderastrea_Mexico_Barshis-Radice_Host_contig13297",NA
"832","Up","Siderastrea_Mexico_Barshis-Radice_Host_contig13314",NA
"833","Up","Siderastrea_Mexico_Barshis-Radice_Host_contig13332",NA
"834","Up","Siderastrea_Mexico_Barshis-Radice_Host_contig13367",NA
"835","Up","Siderastrea_Mexico_Barshis-Radice_Host_contig13554",NA
"836","Up","Siderastrea_Mexico_Barshis-Radice_Host_contig13602",NA
"837","Up","Siderastrea_Mexico_Barshis-Radice_Host_contig13607",NA
"838","Up","Siderastrea_Mexico_Barshis-Radice_Host_contig13618",NA
"839","Up","Siderastrea_Mexico_Barshis-Radice_Host_contig13624",NA
"840","Up","Siderastrea_Mexico_Barshis-Radice_Host_contig13663",NA
"841","Up","Siderastrea_Mexico_Barshis-Radice_Host_contig13818",NA
"842","Up","Siderastrea_Mexico_Barshis-Radice_Host_contig13829",NA
"843","Up","Siderastrea_Mexico_Barshis-Radice_Host_contig13845",NA
"844","Up","Siderastrea_Mexico_Barshis-Radice_Host_contig13927",NA
"845","Up","Siderastrea_Mexico_Barshis-Radice_Host_contig13971",NA
"846","Up","Siderastrea_Mexico_Barshis-Radice_Host_contig14054",NA
"847","Up","Siderastrea_Mexico_Barshis-Radice_Host_contig14081",NA
"848","Up","Siderastrea_Mexico_Barshis-Radice_Host_contig14086",NA
"849","Up","Siderastrea_Mexico_Barshis-Radice_Host_contig14088",NA
"850","Up","Siderastrea_Mexico_Barshis-Radice_Host_contig14105",NA
"851","Up","Siderastrea_Mexico_Barshis-Radice_Host_contig14113",NA
"852","Up","Siderastrea_Mexico_Barshis-Radice_Host_contig14119",NA
"853","Up","Siderastrea_Mexico_Barshis-Radice_Host_contig14190",NA
"854","Up","Siderastrea_Mexico_Barshis-Radice_Host_contig14420",NA
"855","Up","Siderastrea_Mexico_Barshis-Radice_Host_contig14536",NA
"856","Up","Siderastrea_Mexico_Barshis-Radice_Host_contig14591",NA
"857","Up","Siderastrea_Mexico_Barshis-Radice_Host_contig14597",NA
"858","Up","Siderastrea_Mexico_Barshis-Radice_Host_contig14785",NA
"859","Up","Siderastrea_Mexico_Barshis-Radice_Host_contig14849",NA
"860","Up","Siderastrea_Mexico_Barshis-Radice_Host_contig14893",NA
"861","Up","Siderastrea_Mexico_Barshis-Radice_Host_contig14986",NA
"862","Up","Siderastrea_Mexico_Barshis-Radice_Host_contig15058",NA
"863","Up","Siderastrea_Mexico_Barshis-Radice_Host_contig15067",NA
"864","Up","Siderastrea_Mexico_Barshis-Radice_Host_contig15114",NA
"865","Up","Siderastrea_Mexico_Barshis-Radice_Host_contig15206",NA
"866","Up","Siderastrea_Mexico_Barshis-Radice_Host_contig15337",NA
"867","Up","Siderastrea_Mexico_Barshis-Radice_Host_contig15406",NA
"868","Up","Siderastrea_Mexico_Barshis-Radice_Host_contig15414",NA
"869","Up","Siderastrea_Mexico_Barshis-Radice_Host_contig15443",NA
"870","Up","Siderastrea_Mexico_Barshis-Radice_Host_contig15453",NA
"871","Up","Siderastrea_Mexico_Barshis-Radice_Host_contig15457",NA
"872","Up","Siderastrea_Mexico_Barshis-Radice_Host_contig15492",NA
"873","Up","Siderastrea_Mexico_Barshis-Radice_Host_contig15496",NA
"874","Up","Siderastrea_Mexico_Barshis-Radice_Host_contig15504",NA
"875","Up","Siderastrea_Mexico_Barshis-Radice_Host_contig15565",NA
"876","Up","Siderastrea_Mexico_Barshis-Radice_Host_contig15627",NA
"877","Up","Siderastrea_Mexico_Barshis-Radice_Host_contig15754",NA
"878","Up","Siderastrea_Mexico_Barshis-Radice_Host_contig15790",NA
"879","Up","Siderastrea_Mexico_Barshis-Radice_Host_contig15899",NA
"880","Up","Siderastrea_Mexico_Barshis-Radice_Host_contig15904",NA
"881","Up","Siderastrea_Mexico_Barshis-Radice_Host_contig15922",NA
"882","Up","Siderastrea_Mexico_Barshis-Radice_Host_contig16008",NA
"883","Up","Siderastrea_Mexico_Barshis-Radice_Host_contig16031",NA
"884","Up","Siderastrea_Mexico_Barshis-Radice_Host_contig16112",NA
"885","Up","Siderastrea_Mexico_Barshis-Radice_Host_contig16228",NA
"886","Up","Siderastrea_Mexico_Barshis-Radice_Host_contig16294",NA
"887","Up","Siderastrea_Mexico_Barshis-Radice_Host_contig16303",NA
"888","Up","Siderastrea_Mexico_Barshis-Radice_Host_contig16370",NA
"889","Up","Siderastrea_Mexico_Barshis-Radice_Host_contig16443",NA
"890","Up","Siderastrea_Mexico_Barshis-Radice_Host_contig16707",NA
"891","Up","Siderastrea_Mexico_Barshis-Radice_Host_contig16709",NA
"892","Up","Siderastrea_Mexico_Barshis-Radice_Host_contig16723",NA
"893","Up","Siderastrea_Mexico_Barshis-Radice_Host_contig16771",NA
"894","Up","Siderastrea_Mexico_Barshis-Radice_Host_contig16920",NA
"895","Up","Siderastrea_Mexico_Barshis-Radice_Host_contig16998",NA
"896","Up","Siderastrea_Mexico_Barshis-Radice_Host_contig17079",NA
"897","Up","Siderastrea_Mexico_Barshis-Radice_Host_contig17107",NA
"898","Up","Siderastrea_Mexico_Barshis-Radice_Host_contig17108",NA
"899","Up","Siderastrea_Mexico_Barshis-Radice_Host_contig17195",NA
"900","Up","Siderastrea_Mexico_Barshis-Radice_Host_contig17287",NA
"901","Up","Siderastrea_Mexico_Barshis-Radice_Host_contig17411",NA
"902","Up","Siderastrea_Mexico_Barshis-Radice_Host_contig17491",NA
"903","Up","Siderastrea_Mexico_Barshis-Radice_Host_contig17541",NA
"904","Up","Siderastrea_Mexico_Barshis-Radice_Host_contig17553",NA
"905","Up","Siderastrea_Mexico_Barshis-Radice_Host_contig17590",NA
"906","Up","Siderastrea_Mexico_Barshis-Radice_Host_contig17659",NA
"907","Up","Siderastrea_Mexico_Barshis-Radice_Host_contig17680",NA
"908","Up","Siderastrea_Mexico_Barshis-Radice_Host_contig17772",NA
"909","Up","Siderastrea_Mexico_Barshis-Radice_Host_contig17809",NA
"910","Up","Siderastrea_Mexico_Barshis-Radice_Host_contig17831",NA
"911","Up","Siderastrea_Mexico_Barshis-Radice_Host_contig17889",NA
"912","Up","Siderastrea_Mexico_Barshis-Radice_Host_contig17916",NA
"913","Up","Siderastrea_Mexico_Barshis-Radice_Host_contig17963",NA
"914","Up","Siderastrea_Mexico_Barshis-Radice_Host_contig18108",NA
"915","Up","Siderastrea_Mexico_Barshis-Radice_Host_contig18161",NA
"916","Up","Siderastrea_Mexico_Barshis-Radice_Host_contig18192",NA
"917","Up","Siderastrea_Mexico_Barshis-Radice_Host_contig18221",NA
"918","Up","Siderastrea_Mexico_Barshis-Radice_Host_contig18262",NA
"919","Up","Siderastrea_Mexico_Barshis-Radice_Host_contig18341",NA
"920","Up","Siderastrea_Mexico_Barshis-Radice_Host_contig18382",NA
"921","Up","Siderastrea_Mexico_Barshis-Radice_Host_contig18412",NA
"922","Up","Siderastrea_Mexico_Barshis-Radice_Host_contig18420",NA
"923","Up","Siderastrea_Mexico_Barshis-Radice_Host_contig18452",NA
"924","Up","Siderastrea_Mexico_Barshis-Radice_Host_contig18477",NA
"925","Up","Siderastrea_Mexico_Barshis-Radice_Host_contig18515",NA
"926","Up","Siderastrea_Mexico_Barshis-Radice_Host_contig18516",NA
"927","Up","Siderastrea_Mexico_Barshis-Radice_Host_contig18562",NA
"928","Up","Siderastrea_Mexico_Barshis-Radice_Host_contig18645",NA
"929","Up","Siderastrea_Mexico_Barshis-Radice_Host_contig18689",NA
"930","Up","Siderastrea_Mexico_Barshis-Radice_Host_contig18767",NA
"931","Up","Siderastrea_Mexico_Barshis-Radice_Host_contig18912",NA
"932","Up","Siderastrea_Mexico_Barshis-Radice_Host_contig18958",NA
"933","Up","Siderastrea_Mexico_Barshis-Radice_Host_contig19050",NA
"934","Up","Siderastrea_Mexico_Barshis-Radice_Host_contig19112",NA
"935","Up","Siderastrea_Mexico_Barshis-Radice_Host_contig19148",NA
